repo	unit	file	line	group	verdict	platform	why	snippet
paseo-plugins	agent-health	agent-health/client/zw-pill.ts	77	dotpi-path	portable		dot-path anchored at resolved home (see env-HOME row for the anchor quality)	const res = await client.paseo.agents.list();
paseo-plugins	agent-health	agent-health/client/zw-pill.ts	96	dotpi-path	portable		dot-path anchored at resolved home (see env-HOME row for the anchor quality)	const unsub = client.paseo.agents.subscribe(() => void sync());
paseo-plugins	agent-health	agent-health/server/health-state.ts	19	dotpi-path	portable		dot-path anchored at resolved home (see env-HOME row for the anchor quality)	const file = path.join(os.homedir(), ".pi", "agent", "zombie-watchdog.jsonl");
paseo-plugins	agent-health	agent-health/server/health-state.ts	52	dotpi-path	portable		dot-path anchored at resolved home (see env-HOME row for the anchor quality)	const jsonl = path.join(os.homedir(), ".pi", "agent", "sse-probe.jsonl");
paseo-plugins	agent-health	agent-health/server/health-state.ts	53	dotpi-path	portable		dot-path anchored at resolved home (see env-HOME row for the anchor quality)	const summaryFile = path.join(os.homedir(), ".pi", "agent", "sse-probe.json");
paseo-plugins	agent-health	agent-health/server/health-state.ts	99	dotpi-path	portable		dot-path anchored at resolved home (see env-HOME row for the anchor quality)	const chanDir = path.join(os.homedir(), ".pi", "agent", "subagent-channel");
paseo-plugins	agent-health	agent-health/server/health-state.ts	157	dotpi-path	portable		dot-path anchored at resolved home (see env-HOME row for the anchor quality)	const result = await context.paseo.agents.list();
paseo-plugins	agent-health	agent-health/client/panel.tsx	11	hardcoded-home	note		cosmetic display shortening only	return cwd.replace("/home/coder/workspaces/", "~/").replace("/home/coder", "~");
paseo-plugins	agent-health	agent-health/server/health-state.ts	19	homedir-api	portable		os.homedir()-anchored — adapts to any user	const file = path.join(os.homedir(), ".pi", "agent", "zombie-watchdog.jsonl");
paseo-plugins	agent-health	agent-health/server/health-state.ts	52	homedir-api	portable		os.homedir()-anchored — adapts to any user	const jsonl = path.join(os.homedir(), ".pi", "agent", "sse-probe.jsonl");
paseo-plugins	agent-health	agent-health/server/health-state.ts	53	homedir-api	portable		os.homedir()-anchored — adapts to any user	const summaryFile = path.join(os.homedir(), ".pi", "agent", "sse-probe.json");
paseo-plugins	agent-health	agent-health/server/health-state.ts	99	homedir-api	portable		os.homedir()-anchored — adapts to any user	const chanDir = path.join(os.homedir(), ".pi", "agent", "subagent-channel");
paseo-plugins	agent-health	agent-health/client/panel.tsx	11	tilde-literal	note		tilde in display/log/test string only, never passed to fs	return cwd.replace("/home/coder/workspaces/", "~/").replace("/home/coder", "~");
paseo-plugins	lessons	lessons/server/lessons-state.ts	8	dotpi-path	portable		dot-path anchored at resolved home (see env-HOME row for the anchor quality)	* Read-only view of ~/.pi/agent/lessons.md — the single source the engine
paseo-plugins	lessons	lessons/server/lessons-state.ts	21	dotpi-path	portable		dot-path anchored at resolved home (see env-HOME row for the anchor quality)	return join(homedir(), ".pi", "agent", "lessons.md");
paseo-plugins	lessons	lessons/server/lessons-state.ts	64	dotpi-path	portable		dot-path anchored at resolved home (see env-HOME row for the anchor quality)	: "no lessons file yet — the engine creates ~/.pi/agent/lessons.md when the first lesson is folded",
paseo-plugins	lessons	lessons/shared/rpc.ts	8	dotpi-path	portable		dot-path anchored at resolved home (see env-HOME row for the anchor quality)	* ~/.pi/agent/lessons.md, one lesson per line as `[YYYY-MM-DD][tag] text`.
paseo-plugins	lessons	lessons/server/lessons-state.ts	8	tilde-literal	note		tilde in display/log/test string only, never passed to fs	* Read-only view of ~/.pi/agent/lessons.md — the single source the engine
paseo-plugins	lessons	lessons/server/lessons-state.ts	64	tilde-literal	note		tilde in display/log/test string only, never passed to fs	: "no lessons file yet — the engine creates ~/.pi/agent/lessons.md when the first lesson is folded",
paseo-plugins	lessons	lessons/shared/rpc.ts	8	tilde-literal	note		tilde in display/log/test string only, never passed to fs	* ~/.pi/agent/lessons.md, one lesson per line as `[YYYY-MM-DD][tag] text`.
paseo-plugins	memory	memory/index.server.ts	12	dotpi-path	portable		dot-path anchored at resolved home (see env-HOME row for the anchor quality)	bell.setPaseo(context.paseo);
paseo-plugins	memory	memory/server/doorbell-poke.ts	6	dotpi-path	portable		dot-path anchored at resolved home (see env-HOME row for the anchor quality)	* engine session socket under ~/.pi/agent/bridges/ so the owning engine
paseo-plugins	memory	memory/server/doorbell-poke.ts	34	dotpi-path	portable		dot-path anchored at resolved home (see env-HOME row for the anchor quality)	return join(process.env.HOME ?? homedir(), ".pi", "agent", "bridges");
paseo-plugins	memory	memory/server/doorbell-server.ts	5	dotpi-path	portable		dot-path anchored at resolved home (see env-HOME row for the anchor quality)	* ~/.paseo/plugin-data/bridges/. This server listens on
paseo-plugins	memory	memory/server/doorbell-server.ts	56	dotpi-path	portable		dot-path anchored at resolved home (see env-HOME row for the anchor quality)	/** Bridges dir override (tests). Default ~/.paseo/plugin-data/bridges. */
paseo-plugins	memory	memory/server/doorbell-server.ts	86	dotpi-path	portable		dot-path anchored at resolved home (see env-HOME row for the anchor quality)	return deps.dir ?? join(homedir(), ".paseo", "plugin-data", "bridges");
paseo-plugins	memory	memory/server/doorbell-server.ts	234	dotpi-path	portable		dot-path anchored at resolved home (see env-HOME row for the anchor quality)	server.on(name as never, (_event, context) => bell.setPaseo(context.paseo));
paseo-plugins	memory	memory/server/memory-state.test.ts	50	dotpi-path	portable		dot-path anchored at resolved home (see env-HOME row for the anchor quality)	mkdirSync(join(tmp, ".pi", "agent"), { recursive: true });
paseo-plugins	memory	memory/server/memory-state.test.ts	51	dotpi-path	portable		dot-path anchored at resolved home (see env-HOME row for the anchor quality)	writeFileSync(join(tmp, ".pi", "agent", "facts.md"), STORE);
paseo-plugins	memory	memory/server/memory-state.test.ts	60	dotpi-path	portable		dot-path anchored at resolved home (see env-HOME row for the anchor quality)	join(tmp, ".pi", "agent", "facts-status.json"),
paseo-plugins	memory	memory/server/memory-state.test.ts	74	dotpi-path	portable		dot-path anchored at resolved home (see env-HOME row for the anchor quality)	const dir = join(tmp, ".pi", "agent", "facts-control");
paseo-plugins	memory	memory/server/memory-state.test.ts	87	dotpi-path	portable		dot-path anchored at resolved home (see env-HOME row for the anchor quality)	expect(() => readdirSync(join(tmp, ".pi", "agent", "facts-control"))).toThrow();
paseo-plugins	memory	memory/server/memory-state.ts	27	dotpi-path	portable		dot-path anchored at resolved home (see env-HOME row for the anchor quality)	return join(homeDir(), ".pi", "agent", "facts.md");
paseo-plugins	memory	memory/server/memory-state.ts	31	dotpi-path	portable		dot-path anchored at resolved home (see env-HOME row for the anchor quality)	return join(homeDir(), ".pi", "agent", "facts-status.json");
paseo-plugins	memory	memory/server/memory-state.ts	35	dotpi-path	portable		dot-path anchored at resolved home (see env-HOME row for the anchor quality)	return join(homeDir(), ".pi", "agent", "facts-control");
paseo-plugins	memory	memory/server/memory-state.ts	122	dotpi-path	portable		dot-path anchored at resolved home (see env-HOME row for the anchor quality)	note: filePresent ? null : "no facts store yet — the engine creates ~/.pi/agent/facts.md on first durable fact",
paseo-plugins	memory	memory/shared/rpc.ts	7	dotpi-path	portable		dot-path anchored at resolved home (see env-HOME row for the anchor quality)	* ~/.pi/agent/facts.md + the facts-status.json projection. This plugin only
paseo-plugins	memory	memory/server/doorbell-poke.ts	34	env-HOME	portable		HOME with os.homedir() fallback	return join(process.env.HOME ?? homedir(), ".pi", "agent", "bridges");
paseo-plugins	memory	memory/server/memory-state.test.ts	13	env-HOME	note		test-only HOME manipulation	savedHome = process.env.HOME;
paseo-plugins	memory	memory/server/memory-state.test.ts	14	env-HOME	note		test-only HOME manipulation	process.env.HOME = tmp;
paseo-plugins	memory	memory/server/memory-state.test.ts	19	env-HOME	note		test-only HOME manipulation	if (savedHome === undefined) delete process.env.HOME;
paseo-plugins	memory	memory/server/memory-state.test.ts	20	env-HOME	note		test-only HOME manipulation	else process.env.HOME = savedHome;
paseo-plugins	memory	memory/server/memory-state.ts	7	env-HOME	adapt	win	reads $HOME directly (unset on Windows)	return process.env.HOME && process.env.HOME.trim() ? process.env.HOME : homedir();
paseo-plugins	memory	memory/server/doorbell-poke.ts	6	tilde-literal	note		tilde in display/log/test string only, never passed to fs	* engine session socket under ~/.pi/agent/bridges/ so the owning engine
paseo-plugins	memory	memory/server/doorbell-server.ts	5	tilde-literal	note		tilde in display/log/test string only, never passed to fs	* ~/.paseo/plugin-data/bridges/. This server listens on
paseo-plugins	memory	memory/server/doorbell-server.ts	56	tilde-literal	note		tilde in display/log/test string only, never passed to fs	/** Bridges dir override (tests). Default ~/.paseo/plugin-data/bridges. */
paseo-plugins	memory	memory/server/memory-state.ts	122	tilde-literal	note		tilde in display/log/test string only, never passed to fs	note: filePresent ? null : "no facts store yet — the engine creates ~/.pi/agent/facts.md on first durable fact",
paseo-plugins	memory	memory/shared/rpc.ts	7	tilde-literal	note		tilde in display/log/test string only, never passed to fs	* ~/.pi/agent/facts.md + the facts-status.json projection. This plugin only
paseo-plugins	memory	memory/server/doorbell-poke.ts	22	unix-socket	adapt	win	AF_UNIX unix-socket (doorbell bridges) — Node/bun Windows AF_UNIX immature	import { createConnection } from "node:net";
paseo-plugins	memory	memory/server/doorbell-poke.ts	47	unix-socket	adapt	win	AF_UNIX unix-socket (doorbell bridges) — Node/bun Windows AF_UNIX immature	const sock = createConnection({ path: sockPath });
paseo-plugins	memory	memory/server/doorbell-poke.ts	97	unix-socket	adapt	win	AF_UNIX unix-socket (doorbell bridges) — Node/bun Windows AF_UNIX immature	const sockets = entries.filter((e) => e.endsWith(".sock")).slice(0, MAX_SOCKETS_PER_POKE);
paseo-plugins	memory	memory/server/doorbell-server.ts	6	unix-socket	adapt	win	AF_UNIX unix-socket (doorbell bridges) — Node/bun Windows AF_UNIX immature	* bridges/<pluginId>.sock and, for bell kinds it OWNS, appends an invisible
paseo-plugins	memory	memory/server/doorbell-server.ts	170	unix-socket	adapt	win	AF_UNIX unix-socket (doorbell bridges) — Node/bun Windows AF_UNIX immature	sockPath = join(dir, `${pluginId}.sock`);
paseo-plugins	om-panel	om-panel/server/om-state.ts	100	dotpi-path	portable		dot-path anchored at resolved home (see env-HOME row for the anchor quality)	const handle = context.paseo.workspaces.ref(input.workspaceId);
paseo-plugins	om-panel	om-panel/server/om-state.ts	113	dotpi-path	portable		dot-path anchored at resolved home (see env-HOME row for the anchor quality)	agents = unwrapAgents((await context.paseo.agents.list()).entries);
paseo-plugins	om-panel	om-panel/server/session-filter.ts	49	dotpi-path	portable		dot-path anchored at resolved home (see env-HOME row for the anchor quality)	* Unwrap daemon `context.paseo.agents.list()` result: entries are
paseo-plugins	om-panel	om-panel/server/titles.ts	15	dotpi-path	portable		dot-path anchored at resolved home (see env-HOME row for the anchor quality)	return path.join(home, ".paseo", "plugin-data", "session-titles.json");
paseo-plugins	om-panel	om-panel/server/titles.ts	14	env-HOME	adapt	win	reads $HOME directly (unset on Windows)	const home = process.env.PI_HOME ?? process.env.HOME ?? "/home/coder";
paseo-plugins	om-panel	om-panel/server/titles.ts	14	hardcoded-home	adapt	win	fallback chain ends in literal /home/coder (fine wherever HOME set; wrong on Windows/new users)	const home = process.env.PI_HOME ?? process.env.HOME ?? "/home/coder";
paseo-plugins	om-status	om-status/client/pill.ts	28	dotpi-path	portable		dot-path anchored at resolved home (see env-HOME row for the anchor quality)	* enumerate agents via client.paseo.agents.list() and register one pill per
paseo-plugins	om-status	om-status/client/pill.ts	90	dotpi-path	portable		dot-path anchored at resolved home (see env-HOME row for the anchor quality)	unsubscribers.set(key, client.paseo.agents.ref(agentId).subscribe(() => schedule(key)));
paseo-plugins	om-status	om-status/client/pill.ts	98	dotpi-path	portable		dot-path anchored at resolved home (see env-HOME row for the anchor quality)	const res = await client.paseo.agents.list();
paseo-plugins	om-status	om-status/client/pill.ts	118	dotpi-path	portable		dot-path anchored at resolved home (see env-HOME row for the anchor quality)	const unsub = client.paseo.agents.subscribe(() => void sync());
paseo-plugins	om-status	om-status/index.server.ts	13	dotpi-path	portable		dot-path anchored at resolved home (see env-HOME row for the anchor quality)	bell.setPaseo(context.paseo);
paseo-plugins	om-status	om-status/server/doorbell-server.ts	5	dotpi-path	portable		dot-path anchored at resolved home (see env-HOME row for the anchor quality)	* ~/.paseo/plugin-data/bridges/. This server listens on
paseo-plugins	om-status	om-status/server/doorbell-server.ts	56	dotpi-path	portable		dot-path anchored at resolved home (see env-HOME row for the anchor quality)	/** Bridges dir override (tests). Default ~/.paseo/plugin-data/bridges. */
paseo-plugins	om-status	om-status/server/doorbell-server.ts	86	dotpi-path	portable		dot-path anchored at resolved home (see env-HOME row for the anchor quality)	return deps.dir ?? join(homedir(), ".paseo", "plugin-data", "bridges");
paseo-plugins	om-status	om-status/server/doorbell-server.ts	234	dotpi-path	portable		dot-path anchored at resolved home (see env-HOME row for the anchor quality)	server.on(name as never, (_event, context) => bell.setPaseo(context.paseo));
paseo-plugins	om-status	om-status/server/om-status.ts	65	dotpi-path	portable		dot-path anchored at resolved home (see env-HOME row for the anchor quality)	const handle = context.paseo.workspaces.ref(input.workspaceId);
paseo-plugins	om-status	om-status/server/om-status.ts	74	dotpi-path	portable		dot-path anchored at resolved home (see env-HOME row for the anchor quality)	agents = unwrapAgents((await context.paseo.agents.list()).entries);
paseo-plugins	om-status	om-status/server/om-status.ts	137	dotpi-path	portable		dot-path anchored at resolved home (see env-HOME row for the anchor quality)	// map beats the cache; both plugins write the same ~/.paseo/plugin-data/ file
paseo-plugins	om-status	om-status/server/session-filter.ts	49	dotpi-path	portable		dot-path anchored at resolved home (see env-HOME row for the anchor quality)	* Unwrap daemon `context.paseo.agents.list()` result: entries are
paseo-plugins	om-status	om-status/server/titles.ts	15	dotpi-path	portable		dot-path anchored at resolved home (see env-HOME row for the anchor quality)	return path.join(home, ".paseo", "plugin-data", "session-titles.json");
paseo-plugins	om-status	om-status/server/titles.ts	14	env-HOME	adapt	win	reads $HOME directly (unset on Windows)	const home = process.env.PI_HOME ?? process.env.HOME ?? "/home/coder";
paseo-plugins	om-status	om-status/server/titles.ts	14	hardcoded-home	adapt	win	fallback chain ends in literal /home/coder (fine wherever HOME set; wrong on Windows/new users)	const home = process.env.PI_HOME ?? process.env.HOME ?? "/home/coder";
paseo-plugins	om-status	om-status/server/doorbell-server.ts	5	tilde-literal	note		tilde in display/log/test string only, never passed to fs	* ~/.paseo/plugin-data/bridges/. This server listens on
paseo-plugins	om-status	om-status/server/doorbell-server.ts	56	tilde-literal	note		tilde in display/log/test string only, never passed to fs	/** Bridges dir override (tests). Default ~/.paseo/plugin-data/bridges. */
paseo-plugins	om-status	om-status/server/om-status.ts	137	tilde-literal	note		tilde in display/log/test string only, never passed to fs	// map beats the cache; both plugins write the same ~/.paseo/plugin-data/ file
paseo-plugins	om-status	om-status/server/doorbell-server.test.ts	7	unix-socket	adapt	win	AF_UNIX unix-socket (doorbell bridges) — Node/bun Windows AF_UNIX immature	import { createConnection } from "node:net";
paseo-plugins	om-status	om-status/server/doorbell-server.test.ts	121	unix-socket	adapt	win	AF_UNIX unix-socket (doorbell bridges) — Node/bun Windows AF_UNIX immature	expect(existsSync(join(dir, "om-panel.sock"))).toBe(false);
paseo-plugins	om-status	om-status/server/doorbell-server.test.ts	137	unix-socket	adapt	win	AF_UNIX unix-socket (doorbell bridges) — Node/bun Windows AF_UNIX immature	const sock = createConnection({ path: join(dir, "om-status.sock") });
paseo-plugins	om-status	om-status/server/doorbell-server.test.ts	149	unix-socket	adapt	win	AF_UNIX unix-socket (doorbell bridges) — Node/bun Windows AF_UNIX immature	expect(existsSync(join(dir, "om-status.sock"))).toBe(false);
paseo-plugins	om-status	om-status/server/doorbell-server.test.ts	160	unix-socket	adapt	win	AF_UNIX unix-socket (doorbell bridges) — Node/bun Windows AF_UNIX immature	const stale = join(dir, "om-status.sock");
paseo-plugins	om-status	om-status/server/doorbell-server.ts	6	unix-socket	adapt	win	AF_UNIX unix-socket (doorbell bridges) — Node/bun Windows AF_UNIX immature	* bridges/<pluginId>.sock and, for bell kinds it OWNS, appends an invisible
paseo-plugins	om-status	om-status/server/doorbell-server.ts	170	unix-socket	adapt	win	AF_UNIX unix-socket (doorbell bridges) — Node/bun Windows AF_UNIX immature	sockPath = join(dir, `${pluginId}.sock`);
paseo-plugins	paseo-subagents	paseo-subagents/server/mcp-server.ts	386	child-spawn	portable-caveat	win	child_process spawn — argv[0] resolution OS-dependent	const result = await spawn(ctx.caps, { role: args.role, task: args.task, name: typeof args.name === "string" ? args.name : undefined });
paseo-plugins	paseo-subagents	paseo-subagents/index.server.ts	111	dotpi-path	portable		dot-path anchored at resolved home (see env-HOME row for the anchor quality)	const agentsRoot = join(homedir(), ".paseo", "agents");
paseo-plugins	paseo-subagents	paseo-subagents/index.server.ts	354	dotpi-path	portable		dot-path anchored at resolved home (see env-HOME row for the anchor quality)	capturePaseo(context.paseo);
paseo-plugins	paseo-subagents	paseo-subagents/index.server.ts	360	dotpi-path	portable		dot-path anchored at resolved home (see env-HOME row for the anchor quality)	const agentsRoot = join(homedir(), ".paseo", "agents");
paseo-plugins	paseo-subagents	paseo-subagents/index.server.ts	406	dotpi-path	portable		dot-path anchored at resolved home (see env-HOME row for the anchor quality)	if (context?.paseo) capturePaseo(context.paseo as PaseoSendSlice, "turn_ended");
paseo-plugins	paseo-subagents	paseo-subagents/server/hooks.test.ts	33	dotpi-path	portable		dot-path anchored at resolved home (see env-HOME row for the anchor quality)	test("child with parent env -> mcpServers.paseo replaced by scoped door", () => {
paseo-plugins	paseo-subagents	paseo-subagents/server/hooks.test.ts	36	dotpi-path	portable		dot-path anchored at resolved home (see env-HOME row for the anchor quality)	const door = (out.config.mcpServers ?? {}).paseo as { type: string; url: string };
paseo-plugins	paseo-subagents	paseo-subagents/server/hooks.test.ts	125	dotpi-path	portable		dot-path anchored at resolved home (see env-HOME row for the anchor quality)	const token = new URL((out.config.mcpServers!.paseo as { url: string }).url).searchParams.get("caller");
paseo-plugins	paseo-subagents	paseo-subagents/server/idle-archive.ts	12	dotpi-path	portable		dot-path anchored at resolved home (see env-HOME row for the anchor quality)	* and reads record files directly from disk (~/.paseo/agents/<ws>/<id>.json)
paseo-plugins	paseo-subagents	paseo-subagents/index.server.ts	181	fwdslash-build	portable		forward slash inside a URL — correct on every OS	const childDoorUrl = `http://127.0.0.1:${port}/mcp?caller=${token}`;
paseo-plugins	paseo-subagents	paseo-subagents/server/grant.ts	110	fwdslash-build	portable		forward slash inside a URL — correct on every OS	return `http://127.0.0.1:${port}/mcp?caller=${existing}`;
paseo-plugins	paseo-subagents	paseo-subagents/server/grant.ts	130	fwdslash-build	portable		forward slash inside a URL — correct on every OS	const url = `http://127.0.0.1:${port}/mcp?caller=${token}`;
paseo-plugins	paseo-subagents	paseo-subagents/server/hooks.ts	82	fwdslash-build	portable		forward slash inside a URL — correct on every OS	url: `http://127.0.0.1:${port}/mcp?caller=${token}`,
paseo-plugins	paseo-subagents	paseo-subagents/server/hooks.ts	119	fwdslash-build	portable		forward slash inside a URL — correct on every OS	url: `http://127.0.0.1:${port}/mcp?caller=${token}`,
paseo-plugins	paseo-subagents	paseo-subagents/server/mcp-server.test.ts	14	fwdslash-build	portable		forward slash inside a URL — correct on every OS	const base = `http://127.0.0.1:${runtime.port}/mcp`;
paseo-plugins	paseo-subagents	paseo-subagents/server/mcp-server.test.ts	135	fwdslash-build	portable		forward slash inside a URL — correct on every OS	const res = await fetch(`http://127.0.0.1:${port}/mcp?caller=${token}`, {
paseo-plugins	paseo-subagents	paseo-subagents/server/mcp-server.test.ts	247	fwdslash-build	portable		forward slash inside a URL — correct on every OS	const res = await fetch(`http://127.0.0.1:${rt2.port}/mcp?caller=${token}`, {
paseo-plugins	paseo-subagents	paseo-subagents/server/mcp-server.test.ts	266	fwdslash-build	portable		forward slash inside a URL — correct on every OS	const res = await fetch(`http://127.0.0.1:${rt3.port}/mcp?caller=${"c".repeat(48)}`, { method: "POST", body: "" });
paseo-plugins	paseo-subagents	paseo-subagents/server/mcp-server.test.ts	287	fwdslash-build	portable		forward slash inside a URL — correct on every OS	const res = await fetch(`http://127.0.0.1:${rt4.port}/mcp?caller=${"d".repeat(48)}`, { method: "POST", body: "" });
paseo-plugins	paseo-subagents	paseo-subagents/server/mcp-server.test.ts	313	fwdslash-build	portable		forward slash inside a URL — correct on every OS	const res = await fetch(`http://127.0.0.1:${rt5.port}/mcp?caller=${tok5}`, {
paseo-plugins	paseo-subagents	paseo-subagents/server/mcp-server.test.ts	346	fwdslash-build	portable		forward slash inside a URL — correct on every OS	const res = await fetch(`http://127.0.0.1:${rt6.port}/mcp?caller=${tok6}`, {
paseo-plugins	paseo-subagents	paseo-subagents/server/idle-archive.ts	12	tilde-literal	note		tilde in display/log/test string only, never passed to fs	* and reads record files directly from disk (~/.paseo/agents/<ws>/<id>.json)
paseo-plugins	plan	plan/server/doorbell-poke.ts	6	dotpi-path	portable		dot-path anchored at resolved home (see env-HOME row for the anchor quality)	* engine session socket under ~/.pi/agent/bridges/ so the owning engine
paseo-plugins	plan	plan/server/doorbell-poke.ts	34	dotpi-path	portable		dot-path anchored at resolved home (see env-HOME row for the anchor quality)	return join(process.env.HOME ?? homedir(), ".pi", "agent", "bridges");
paseo-plugins	plan	plan/server/plan-state.ts	16	dotpi-path	portable		dot-path anchored at resolved home (see env-HOME row for the anchor quality)	* ~/.pi/agent/plan-control/<sessionId>.status.json; this module only reads it and
paseo-plugins	plan	plan/server/plan-state.ts	46	dotpi-path	portable		dot-path anchored at resolved home (see env-HOME row for the anchor quality)	return path.join(process.env.HOME ?? os.homedir(), ".pi", "agent", "plan-control");
paseo-plugins	plan	plan/server/plan-state.ts	136	dotpi-path	portable		dot-path anchored at resolved home (see env-HOME row for the anchor quality)	agents = unwrapAgents((await context.paseo.agents.list()).entries);
paseo-plugins	plan	plan/server/plan-state.ts	148	dotpi-path	portable		dot-path anchored at resolved home (see env-HOME row for the anchor quality)	const ws = await context.paseo.workspaces.list();
paseo-plugins	plan	plan/server/plan-state.ts	220	dotpi-path	portable		dot-path anchored at resolved home (see env-HOME row for the anchor quality)	return { ...EMPTY, note: "read failed — is ~/.pi/agent/plan-control readable?" };
paseo-plugins	plan	plan/server/session-filter.ts	49	dotpi-path	portable		dot-path anchored at resolved home (see env-HOME row for the anchor quality)	* Unwrap daemon `context.paseo.agents.list()` result: entries are
paseo-plugins	plan	plan/server/titles.ts	15	dotpi-path	portable		dot-path anchored at resolved home (see env-HOME row for the anchor quality)	return path.join(home, ".paseo", "plugin-data", "session-titles.json");
paseo-plugins	plan	plan/shared/rpc.ts	7	dotpi-path	portable		dot-path anchored at resolved home (see env-HOME row for the anchor quality)	* ~/.pi/agent/plan-control/<sessionId>.status.json (engine v1.4.46+; v1.4.62
paseo-plugins	plan	plan/server/doorbell-poke.ts	34	env-HOME	portable		HOME with os.homedir() fallback	return join(process.env.HOME ?? homedir(), ".pi", "agent", "bridges");
paseo-plugins	plan	plan/server/plan-state.ts	46	env-HOME	adapt	win	reads $HOME directly (unset on Windows)	return path.join(process.env.HOME ?? os.homedir(), ".pi", "agent", "plan-control");
paseo-plugins	plan	plan/server/titles.ts	14	env-HOME	adapt	win	reads $HOME directly (unset on Windows)	const home = process.env.PI_HOME ?? process.env.HOME ?? "/home/coder";
paseo-plugins	plan	plan/server/titles.ts	14	hardcoded-home	adapt	win	fallback chain ends in literal /home/coder (fine wherever HOME set; wrong on Windows/new users)	const home = process.env.PI_HOME ?? process.env.HOME ?? "/home/coder";
paseo-plugins	plan	plan/server/plan-state.ts	46	homedir-api	portable		os.homedir()-anchored — adapts to any user	return path.join(process.env.HOME ?? os.homedir(), ".pi", "agent", "plan-control");
paseo-plugins	plan	plan/server/doorbell-poke.ts	6	tilde-literal	note		tilde in display/log/test string only, never passed to fs	* engine session socket under ~/.pi/agent/bridges/ so the owning engine
paseo-plugins	plan	plan/server/plan-state.ts	16	tilde-literal	note		tilde in display/log/test string only, never passed to fs	* ~/.pi/agent/plan-control/<sessionId>.status.json; this module only reads it and
paseo-plugins	plan	plan/server/plan-state.ts	220	tilde-literal	note		tilde in display/log/test string only, never passed to fs	return { ...EMPTY, note: "read failed — is ~/.pi/agent/plan-control readable?" };
paseo-plugins	plan	plan/shared/rpc.ts	7	tilde-literal	note		tilde in display/log/test string only, never passed to fs	* ~/.pi/agent/plan-control/<sessionId>.status.json (engine v1.4.46+; v1.4.62
paseo-plugins	plan	plan/server/doorbell-poke.ts	22	unix-socket	adapt	win	AF_UNIX unix-socket (doorbell bridges) — Node/bun Windows AF_UNIX immature	import { createConnection } from "node:net";
paseo-plugins	plan	plan/server/doorbell-poke.ts	47	unix-socket	adapt	win	AF_UNIX unix-socket (doorbell bridges) — Node/bun Windows AF_UNIX immature	const sock = createConnection({ path: sockPath });
paseo-plugins	plan	plan/server/doorbell-poke.ts	97	unix-socket	adapt	win	AF_UNIX unix-socket (doorbell bridges) — Node/bun Windows AF_UNIX immature	const sockets = entries.filter((e) => e.endsWith(".sock")).slice(0, MAX_SOCKETS_PER_POKE);
paseo-plugins	snip	snip/client/pill.ts	8	dotpi-path	portable		dot-path anchored at resolved home (see env-HOME row for the anchor quality)	* enumerate agents via client.paseo.agents.list() and register one pill per
paseo-plugins	snip	snip/client/pill.ts	63	dotpi-path	portable		dot-path anchored at resolved home (see env-HOME row for the anchor quality)	const res = await client.paseo.agents.list();
paseo-plugins	snip	snip/client/pill.ts	83	dotpi-path	portable		dot-path anchored at resolved home (see env-HOME row for the anchor quality)	const unsub = client.paseo.agents.subscribe(() => void sync());
paseo-plugins	snip	snip/index.server.ts	12	dotpi-path	portable		dot-path anchored at resolved home (see env-HOME row for the anchor quality)	bell.setPaseo(context.paseo);
paseo-plugins	snip	snip/index.server.ts	20	dotpi-path	portable		dot-path anchored at resolved home (see env-HOME row for the anchor quality)	return { ok: false, sentAt: "", note: "write failed — is ~/.pi/agent/snip-control writable?" };
paseo-plugins	snip	snip/server/doorbell-poke.ts	6	dotpi-path	portable		dot-path anchored at resolved home (see env-HOME row for the anchor quality)	* engine session socket under ~/.pi/agent/bridges/ so the owning engine
paseo-plugins	snip	snip/server/doorbell-poke.ts	34	dotpi-path	portable		dot-path anchored at resolved home (see env-HOME row for the anchor quality)	return join(process.env.HOME ?? homedir(), ".pi", "agent", "bridges");
paseo-plugins	snip	snip/server/doorbell-server.ts	5	dotpi-path	portable		dot-path anchored at resolved home (see env-HOME row for the anchor quality)	* ~/.paseo/plugin-data/bridges/. This server listens on
paseo-plugins	snip	snip/server/doorbell-server.ts	56	dotpi-path	portable		dot-path anchored at resolved home (see env-HOME row for the anchor quality)	/** Bridges dir override (tests). Default ~/.paseo/plugin-data/bridges. */
paseo-plugins	snip	snip/server/doorbell-server.ts	86	dotpi-path	portable		dot-path anchored at resolved home (see env-HOME row for the anchor quality)	return deps.dir ?? join(homedir(), ".paseo", "plugin-data", "bridges");
paseo-plugins	snip	snip/server/doorbell-server.ts	234	dotpi-path	portable		dot-path anchored at resolved home (see env-HOME row for the anchor quality)	server.on(name as never, (_event, context) => bell.setPaseo(context.paseo));
paseo-plugins	snip	snip/server/session-filter.ts	49	dotpi-path	portable		dot-path anchored at resolved home (see env-HOME row for the anchor quality)	* Unwrap daemon `context.paseo.agents.list()` result: entries are
paseo-plugins	snip	snip/server/snip-state.ts	43	dotpi-path	portable		dot-path anchored at resolved home (see env-HOME row for the anchor quality)	return path.join(os.homedir(), ".pi", "agent", "snip-control");
paseo-plugins	snip	snip/server/snip-state.ts	47	dotpi-path	portable		dot-path anchored at resolved home (see env-HOME row for the anchor quality)	return path.join(os.homedir(), ".pi", "agent", "extensions", "snip", "snippets");
paseo-plugins	snip	snip/server/snip-state.ts	109	dotpi-path	portable		dot-path anchored at resolved home (see env-HOME row for the anchor quality)	agents = unwrapAgents((await context.paseo.agents.list()).entries);
paseo-plugins	snip	snip/server/snip-state.ts	124	dotpi-path	portable		dot-path anchored at resolved home (see env-HOME row for the anchor quality)	const ws = await context.paseo.workspaces.list();
paseo-plugins	snip	snip/server/titles.ts	15	dotpi-path	portable		dot-path anchored at resolved home (see env-HOME row for the anchor quality)	return path.join(home, ".paseo", "plugin-data", "session-titles.json");
paseo-plugins	snip	snip/shared/rpc.ts	14	dotpi-path	portable		dot-path anchored at resolved home (see env-HOME row for the anchor quality)	* watches ~/.pi/agent/snip-control/<sessionId>.json and acks every request by
paseo-plugins	snip	snip/server/doorbell-poke.ts	34	env-HOME	portable		HOME with os.homedir() fallback	return join(process.env.HOME ?? homedir(), ".pi", "agent", "bridges");
paseo-plugins	snip	snip/server/titles.ts	14	env-HOME	adapt	win	reads $HOME directly (unset on Windows)	const home = process.env.PI_HOME ?? process.env.HOME ?? "/home/coder";
paseo-plugins	snip	snip/server/titles.ts	14	hardcoded-home	adapt	win	fallback chain ends in literal /home/coder (fine wherever HOME set; wrong on Windows/new users)	const home = process.env.PI_HOME ?? process.env.HOME ?? "/home/coder";
paseo-plugins	snip	snip/server/snip-state.ts	43	homedir-api	portable		os.homedir()-anchored — adapts to any user	return path.join(os.homedir(), ".pi", "agent", "snip-control");
paseo-plugins	snip	snip/server/snip-state.ts	47	homedir-api	portable		os.homedir()-anchored — adapts to any user	return path.join(os.homedir(), ".pi", "agent", "extensions", "snip", "snippets");
paseo-plugins	snip	snip/index.server.ts	20	tilde-literal	note		tilde in display/log/test string only, never passed to fs	return { ok: false, sentAt: "", note: "write failed — is ~/.pi/agent/snip-control writable?" };
paseo-plugins	snip	snip/server/doorbell-poke.ts	6	tilde-literal	note		tilde in display/log/test string only, never passed to fs	* engine session socket under ~/.pi/agent/bridges/ so the owning engine
paseo-plugins	snip	snip/server/doorbell-server.ts	5	tilde-literal	note		tilde in display/log/test string only, never passed to fs	* ~/.paseo/plugin-data/bridges/. This server listens on
paseo-plugins	snip	snip/server/doorbell-server.ts	56	tilde-literal	note		tilde in display/log/test string only, never passed to fs	/** Bridges dir override (tests). Default ~/.paseo/plugin-data/bridges. */
paseo-plugins	snip	snip/shared/rpc.ts	14	tilde-literal	note		tilde in display/log/test string only, never passed to fs	* watches ~/.pi/agent/snip-control/<sessionId>.json and acks every request by
paseo-plugins	snip	snip/server/doorbell-poke.ts	22	unix-socket	adapt	win	AF_UNIX unix-socket (doorbell bridges) — Node/bun Windows AF_UNIX immature	import { createConnection } from "node:net";
paseo-plugins	snip	snip/server/doorbell-poke.ts	47	unix-socket	adapt	win	AF_UNIX unix-socket (doorbell bridges) — Node/bun Windows AF_UNIX immature	const sock = createConnection({ path: sockPath });
paseo-plugins	snip	snip/server/doorbell-poke.ts	97	unix-socket	adapt	win	AF_UNIX unix-socket (doorbell bridges) — Node/bun Windows AF_UNIX immature	const sockets = entries.filter((e) => e.endsWith(".sock")).slice(0, MAX_SOCKETS_PER_POKE);
paseo-plugins	snip	snip/server/doorbell-server.ts	6	unix-socket	adapt	win	AF_UNIX unix-socket (doorbell bridges) — Node/bun Windows AF_UNIX immature	* bridges/<pluginId>.sock and, for bell kinds it OWNS, appends an invisible
paseo-plugins	snip	snip/server/doorbell-server.ts	170	unix-socket	adapt	win	AF_UNIX unix-socket (doorbell bridges) — Node/bun Windows AF_UNIX immature	sockPath = join(dir, `${pluginId}.sock`);
paseo-plugins	subagent-reply	subagent-reply/index.server.ts	63	dotpi-path	portable		dot-path anchored at resolved home (see env-HOME row for the anchor quality)	const offCreated = server.on("agent.created", (_event, context) => capturePaseo(context.paseo));
paseo-plugins	subagent-reply	subagent-reply/server/hooks.test.ts	33	dotpi-path	portable		dot-path anchored at resolved home (see env-HOME row for the anchor quality)	test("child with parent env -> mcpServers.paseo replaced by scoped door", () => {
paseo-plugins	subagent-reply	subagent-reply/server/hooks.test.ts	36	dotpi-path	portable		dot-path anchored at resolved home (see env-HOME row for the anchor quality)	const door = (out.config.mcpServers ?? {}).paseo as { type: string; url: string };
paseo-plugins	subagent-reply	subagent-reply/server/hooks.test.ts	125	dotpi-path	portable		dot-path anchored at resolved home (see env-HOME row for the anchor quality)	const token = new URL((out.config.mcpServers!.paseo as { url: string }).url).searchParams.get("caller");
paseo-plugins	subagent-reply	subagent-reply/server/hooks.ts	80	fwdslash-build	portable		forward slash inside a URL — correct on every OS	url: `http://127.0.0.1:${port}/mcp?caller=${token}`,
paseo-plugins	subagent-reply	subagent-reply/server/mcp-server.test.ts	14	fwdslash-build	portable		forward slash inside a URL — correct on every OS	const base = `http://127.0.0.1:${runtime.port}/mcp`;
paseo-plugins	task	task/client/pill.ts	60	dotpi-path	portable		dot-path anchored at resolved home (see env-HOME row for the anchor quality)	const res = await client.paseo.agents.list();
paseo-plugins	task	task/client/pill.ts	79	dotpi-path	portable		dot-path anchored at resolved home (see env-HOME row for the anchor quality)	const unsub = client.paseo.agents.subscribe(() => void sync());
paseo-plugins	task	task/index.server.ts	13	dotpi-path	portable		dot-path anchored at resolved home (see env-HOME row for the anchor quality)	bell.setPaseo(context.paseo);
paseo-plugins	task	task/index.server.ts	21	dotpi-path	portable		dot-path anchored at resolved home (see env-HOME row for the anchor quality)	return { ok: false, sentAt: "", note: "write failed — is ~/.pi/agent/task-control writable?" };
paseo-plugins	task	task/index.server.ts	31	dotpi-path	portable		dot-path anchored at resolved home (see env-HOME row for the anchor quality)	return { ok: false, sentAt: "", note: "write failed — ~/.pi/agent/goal-control writable?" };
paseo-plugins	task	task/server/doorbell-poke.test.ts	76	dotpi-path	portable		dot-path anchored at resolved home (see env-HOME row for the anchor quality)	expect(engineBridgesDir()).toContain(join(".pi", "agent", "bridges"));
paseo-plugins	task	task/server/doorbell-poke.ts	6	dotpi-path	portable		dot-path anchored at resolved home (see env-HOME row for the anchor quality)	* engine session socket under ~/.pi/agent/bridges/ so the owning engine
paseo-plugins	task	task/server/doorbell-poke.ts	34	dotpi-path	portable		dot-path anchored at resolved home (see env-HOME row for the anchor quality)	return join(process.env.HOME ?? homedir(), ".pi", "agent", "bridges");
paseo-plugins	task	task/server/doorbell-server.ts	5	dotpi-path	portable		dot-path anchored at resolved home (see env-HOME row for the anchor quality)	* ~/.paseo/plugin-data/bridges/. This server listens on
paseo-plugins	task	task/server/doorbell-server.ts	56	dotpi-path	portable		dot-path anchored at resolved home (see env-HOME row for the anchor quality)	/** Bridges dir override (tests). Default ~/.paseo/plugin-data/bridges. */
paseo-plugins	task	task/server/doorbell-server.ts	86	dotpi-path	portable		dot-path anchored at resolved home (see env-HOME row for the anchor quality)	return deps.dir ?? join(homedir(), ".paseo", "plugin-data", "bridges");
paseo-plugins	task	task/server/doorbell-server.ts	234	dotpi-path	portable		dot-path anchored at resolved home (see env-HOME row for the anchor quality)	server.on(name as never, (_event, context) => bell.setPaseo(context.paseo));
paseo-plugins	task	task/server/goal-state.ts	10	dotpi-path	portable		dot-path anchored at resolved home (see env-HOME row for the anchor quality)	* plan-state.ts. The engine's goal ext writes ~/.pi/agent/goal-status/<sessionId>.json
paseo-plugins	task	task/server/goal-state.ts	27	dotpi-path	portable		dot-path anchored at resolved home (see env-HOME row for the anchor quality)	return path.join(process.env.HOME ?? os.homedir(), ".pi", "agent", "goal-status");
paseo-plugins	task	task/server/goal-state.ts	30	dotpi-path	portable		dot-path anchored at resolved home (see env-HOME row for the anchor quality)	return path.join(process.env.HOME ?? os.homedir(), ".pi", "agent", "goal-control");
paseo-plugins	task	task/server/session-filter.ts	49	dotpi-path	portable		dot-path anchored at resolved home (see env-HOME row for the anchor quality)	* Unwrap daemon `context.paseo.agents.list()` result: entries are
paseo-plugins	task	task/server/task-state.ts	31	dotpi-path	portable		dot-path anchored at resolved home (see env-HOME row for the anchor quality)	return path.join(os.homedir(), ".pi", "agent", "task-status");
paseo-plugins	task	task/server/task-state.ts	150	dotpi-path	portable		dot-path anchored at resolved home (see env-HOME row for the anchor quality)	agents = unwrapAgents((await context.paseo.agents.list()).entries);
paseo-plugins	task	task/server/task-state.ts	162	dotpi-path	portable		dot-path anchored at resolved home (see env-HOME row for the anchor quality)	const ws = await context.paseo.workspaces.list();
paseo-plugins	task	task/server/task-state.ts	239	dotpi-path	portable		dot-path anchored at resolved home (see env-HOME row for the anchor quality)	const dir = path.join(home, ".pi", "agent", "task-control");
paseo-plugins	task	task/server/titles.ts	15	dotpi-path	portable		dot-path anchored at resolved home (see env-HOME row for the anchor quality)	return path.join(home, ".paseo", "plugin-data", "session-titles.json");
paseo-plugins	task	task/shared/rpc.ts	53	dotpi-path	portable		dot-path anchored at resolved home (see env-HOME row for the anchor quality)	* (~/.pi/agent/task-status/<sessionId>.json, written by pi-config v1.4.21+).
paseo-plugins	task	task/shared/rpc.ts	112	dotpi-path	portable		dot-path anchored at resolved home (see env-HOME row for the anchor quality)	* ~/.pi/agent/task-control/<sessionId>.json and the engine (single writer)
paseo-plugins	task	task/server/doorbell-poke.ts	34	env-HOME	portable		HOME with os.homedir() fallback	return join(process.env.HOME ?? homedir(), ".pi", "agent", "bridges");
paseo-plugins	task	task/server/goal-state.ts	27	env-HOME	adapt	win	reads $HOME directly (unset on Windows)	return path.join(process.env.HOME ?? os.homedir(), ".pi", "agent", "goal-status");
paseo-plugins	task	task/server/goal-state.ts	30	env-HOME	adapt	win	reads $HOME directly (unset on Windows)	return path.join(process.env.HOME ?? os.homedir(), ".pi", "agent", "goal-control");
paseo-plugins	task	task/server/task-state.ts	238	env-HOME	adapt	win	reads $HOME directly (unset on Windows)	const home = process.env.HOME ?? os.homedir();
paseo-plugins	task	task/server/titles.ts	14	env-HOME	adapt	win	reads $HOME directly (unset on Windows)	const home = process.env.PI_HOME ?? process.env.HOME ?? "/home/coder";
paseo-plugins	task	task/server/titles.ts	14	hardcoded-home	adapt	win	fallback chain ends in literal /home/coder (fine wherever HOME set; wrong on Windows/new users)	const home = process.env.PI_HOME ?? process.env.HOME ?? "/home/coder";
paseo-plugins	task	task/server/goal-state.ts	27	homedir-api	portable		os.homedir()-anchored — adapts to any user	return path.join(process.env.HOME ?? os.homedir(), ".pi", "agent", "goal-status");
paseo-plugins	task	task/server/goal-state.ts	30	homedir-api	portable		os.homedir()-anchored — adapts to any user	return path.join(process.env.HOME ?? os.homedir(), ".pi", "agent", "goal-control");
paseo-plugins	task	task/server/task-state.ts	31	homedir-api	portable		os.homedir()-anchored — adapts to any user	return path.join(os.homedir(), ".pi", "agent", "task-status");
paseo-plugins	task	task/server/task-state.ts	238	homedir-api	portable		os.homedir()-anchored — adapts to any user	const home = process.env.HOME ?? os.homedir();
paseo-plugins	task	task/index.server.ts	21	tilde-literal	note		tilde in display/log/test string only, never passed to fs	return { ok: false, sentAt: "", note: "write failed — is ~/.pi/agent/task-control writable?" };
paseo-plugins	task	task/index.server.ts	31	tilde-literal	note		tilde in display/log/test string only, never passed to fs	return { ok: false, sentAt: "", note: "write failed — ~/.pi/agent/goal-control writable?" };
paseo-plugins	task	task/server/doorbell-poke.ts	6	tilde-literal	note		tilde in display/log/test string only, never passed to fs	* engine session socket under ~/.pi/agent/bridges/ so the owning engine
paseo-plugins	task	task/server/doorbell-server.ts	5	tilde-literal	note		tilde in display/log/test string only, never passed to fs	* ~/.paseo/plugin-data/bridges/. This server listens on
paseo-plugins	task	task/server/doorbell-server.ts	56	tilde-literal	note		tilde in display/log/test string only, never passed to fs	/** Bridges dir override (tests). Default ~/.paseo/plugin-data/bridges. */
paseo-plugins	task	task/server/goal-state.ts	10	tilde-literal	note		tilde in display/log/test string only, never passed to fs	* plan-state.ts. The engine's goal ext writes ~/.pi/agent/goal-status/<sessionId>.json
paseo-plugins	task	task/shared/rpc.ts	53	tilde-literal	note		tilde in display/log/test string only, never passed to fs	* (~/.pi/agent/task-status/<sessionId>.json, written by pi-config v1.4.21+).
paseo-plugins	task	task/shared/rpc.ts	112	tilde-literal	note		tilde in display/log/test string only, never passed to fs	* ~/.pi/agent/task-control/<sessionId>.json and the engine (single writer)
paseo-plugins	task	task/server/doorbell-poke.test.ts	12	unix-socket	adapt	win	AF_UNIX unix-socket (doorbell bridges) — Node/bun Windows AF_UNIX immature	const path = join(dir, `${name}.sock`);
paseo-plugins	task	task/server/doorbell-poke.test.ts	59	unix-socket	adapt	win	AF_UNIX unix-socket (doorbell bridges) — Node/bun Windows AF_UNIX immature	test("dead .sock entry skipped; empty sessionId allowed (global files)", async () => {
paseo-plugins	task	task/server/doorbell-poke.test.ts	63	unix-socket	adapt	win	AF_UNIX unix-socket (doorbell bridges) — Node/bun Windows AF_UNIX immature	writeFileSync(join(dir, "dead.sock"), "x");
paseo-plugins	task	task/server/doorbell-poke.ts	22	unix-socket	adapt	win	AF_UNIX unix-socket (doorbell bridges) — Node/bun Windows AF_UNIX immature	import { createConnection } from "node:net";
paseo-plugins	task	task/server/doorbell-poke.ts	47	unix-socket	adapt	win	AF_UNIX unix-socket (doorbell bridges) — Node/bun Windows AF_UNIX immature	const sock = createConnection({ path: sockPath });
paseo-plugins	task	task/server/doorbell-poke.ts	97	unix-socket	adapt	win	AF_UNIX unix-socket (doorbell bridges) — Node/bun Windows AF_UNIX immature	const sockets = entries.filter((e) => e.endsWith(".sock")).slice(0, MAX_SOCKETS_PER_POKE);
paseo-plugins	task	task/server/doorbell-server.ts	6	unix-socket	adapt	win	AF_UNIX unix-socket (doorbell bridges) — Node/bun Windows AF_UNIX immature	* bridges/<pluginId>.sock and, for bell kinds it OWNS, appends an invisible
paseo-plugins	task	task/server/doorbell-server.ts	170	unix-socket	adapt	win	AF_UNIX unix-socket (doorbell bridges) — Node/bun Windows AF_UNIX immature	sockPath = join(dir, `${pluginId}.sock`);
pi-config	_shared	_shared/doorbell-server.test.ts	58	chmod	portable-caveat	win	0600/0700 mode bits partially no-op on NTFS	expect(statSync(path).mode & 0o777).toBe(0o600);
pi-config	_shared	_shared/doorbell-server.ts	21	chmod	portable-caveat	win	0600/0700 mode bits partially no-op on NTFS	import { chmodSync, mkdirSync, rmSync, unlinkSync } from "node:fs";
pi-config	_shared	_shared/doorbell-server.ts	125	chmod	portable-caveat	win	0600/0700 mode bits partially no-op on NTFS	chmodSync(sockPath, 0o600); // engine-owned dir; same-user daemons only
pi-config	_shared	_shared/doorbell-server.ts	10	dotpi-path	portable		dot-path anchored at resolved home (see env-HOME row for the anchor quality)	* at ~/.pi/agent/bridges/<sessionId>.sock (mode 0600, stale cleanup on
pi-config	_shared	_shared/doorbell-server.ts	34	dotpi-path	portable		dot-path anchored at resolved home (see env-HOME row for the anchor quality)	/** Bridges dir override (tests). Default ~/.pi/agent/bridges. */
pi-config	_shared	_shared/doorbell-server.ts	73	dotpi-path	portable		dot-path anchored at resolved home (see env-HOME row for the anchor quality)	return opts?.dir ?? join(homedir(), ".pi", "agent", "bridges");
pi-config	_shared	_shared/doorbell.test.ts	80	dotpi-path	portable		dot-path anchored at resolved home (see env-HOME row for the anchor quality)	join("/tmp/fake-home", ".paseo", "plugin-data", "bridges"),
pi-config	_shared	_shared/doorbell.ts	5	dotpi-path	portable		dot-path anchored at resolved home (see env-HOME row for the anchor quality)	* ~/.paseo/plugin-data/bridges/ are BELLS, not a data channel — after the
pi-config	_shared	_shared/doorbell.ts	26	dotpi-path	portable		dot-path anchored at resolved home (see env-HOME row for the anchor quality)	/** Default bridges dir: ~/.paseo/plugin-data/bridges (override via opts.dir for tests). */
pi-config	_shared	_shared/doorbell.ts	28	dotpi-path	portable		dot-path anchored at resolved home (see env-HOME row for the anchor quality)	return join(env.HOME || homedir(), ".paseo", "plugin-data", "bridges");
pi-config	_shared	_shared/lessons-core.test.ts	168	dotpi-path	portable		dot-path anchored at resolved home (see env-HOME row for the anchor quality)	expect(lessonsFilePath({}, "/home/coder")).toBe("/home/coder/.pi/agent/lessons.md");
pi-config	_shared	_shared/lessons-core.ts	9	dotpi-path	portable		dot-path anchored at resolved home (see env-HOME row for the anchor quality)	*  - OM consolidator is the SINGLE WRITER of ~/.pi/agent/lessons.md
pi-config	_shared	_shared/lessons-core.ts	25	dotpi-path	portable		dot-path anchored at resolved home (see env-HOME row for the anchor quality)	/** Default file location: ~/.pi/agent/lessons.md (HOME-aware; NOT under .memory/
pi-config	_shared	_shared/lessons-core.ts	26	dotpi-path	portable		dot-path anchored at resolved home (see env-HOME row for the anchor quality)	*  so memory-guard scope is untouched; NOT under ~/.pi/agent/memory/ so it can
pi-config	_shared	_shared/lessons-core.ts	29	dotpi-path	portable		dot-path anchored at resolved home (see env-HOME row for the anchor quality)	return env.LESSONS_FILE && env.LESSONS_FILE.trim() ? env.LESSONS_FILE : join(home, ".pi", "agent", "lessons.md");
pi-config	_shared	_shared/unattended.ts	36	dotpi-path	portable		dot-path anchored at resolved home (see env-HOME row for the anchor quality)	const d = dir ?? join(process.env.HOME ?? homedir(), ".pi", "agent", "goal-state");
pi-config	_shared	_shared/unattended.ts	58	dotpi-path	portable		dot-path anchored at resolved home (see env-HOME row for the anchor quality)	const d = dir ?? join(process.env.HOME ?? homedir(), ".pi", "agent", "plan-control");
pi-config	_shared	_shared/unattended.ts	93	dotpi-path	portable		dot-path anchored at resolved home (see env-HOME row for the anchor quality)	const g = goalDir ?? process.env.UNATTENDED_GOAL_DIR ?? join(process.env.HOME ?? homedir(), ".pi", "agent", "goal-state");
pi-config	_shared	_shared/unattended.ts	95	dotpi-path	portable		dot-path anchored at resolved home (see env-HOME row for the anchor quality)	const p = planDir ?? process.env.UNATTENDED_PLAN_DIR ?? join(process.env.HOME ?? homedir(), ".pi", "agent", "plan-control");
pi-config	_shared	_shared/lessons-core.ts	28	env-HOME	adapt	win	HOME unset on Windows -> empty-string home -> cwd-relative paths	export function lessonsFilePath(env: NodeJS.ProcessEnv = process.env, home = process.env.HOME ?? ""): string {
pi-config	_shared	_shared/unattended.ts	36	env-HOME	portable		HOME with os.homedir() fallback	const d = dir ?? join(process.env.HOME ?? homedir(), ".pi", "agent", "goal-state");
pi-config	_shared	_shared/unattended.ts	58	env-HOME	portable		HOME with os.homedir() fallback	const d = dir ?? join(process.env.HOME ?? homedir(), ".pi", "agent", "plan-control");
pi-config	_shared	_shared/unattended.ts	93	env-HOME	portable		HOME with os.homedir() fallback	const g = goalDir ?? process.env.UNATTENDED_GOAL_DIR ?? join(process.env.HOME ?? homedir(), ".pi", "agent", "goal-state");
pi-config	_shared	_shared/unattended.ts	95	env-HOME	portable		HOME with os.homedir() fallback	const p = planDir ?? process.env.UNATTENDED_PLAN_DIR ?? join(process.env.HOME ?? homedir(), ".pi", "agent", "plan-control");
pi-config	_shared	_shared/lessons-core.test.ts	167	hardcoded-home	note		test fixture	expect(lessonsFilePath({ LESSONS_FILE: "/tmp/l.md" }, "/home/coder")).toBe("/tmp/l.md");
pi-config	_shared	_shared/lessons-core.test.ts	168	hardcoded-home	note		test fixture	expect(lessonsFilePath({}, "/home/coder")).toBe("/home/coder/.pi/agent/lessons.md");
pi-config	_shared	_shared/lessons-core.test.ts	26	signals	adapt	win	POSIX-only recipe (setsid/nohup) taught by bash-long-run-guard	const line = "[2026-09-05][failure] bash silent-abort >2s — use setsid nohup bg";
pi-config	_shared	_shared/lessons-core.test.ts	30	signals	adapt	win	POSIX-only recipe (setsid/nohup) taught by bash-long-run-guard	expect(l.text).toContain("setsid nohup");
pi-config	_shared	_shared/lessons-core.test.ts	72	signals	adapt	win	POSIX-only recipe (setsid/nohup) taught by bash-long-run-guard	expect(containsSecret("use nohup for long commands")).toBe(false);
pi-config	_shared	_shared/lessons-core.test.ts	130	signals	adapt	win	POSIX-only recipe (setsid/nohup) taught by bash-long-run-guard	{ date: "2026-09-05", tag: "failure", text: "use nohup" },
pi-config	_shared	_shared/lessons-core.test.ts	134	signals	adapt	win	POSIX-only recipe (setsid/nohup) taught by bash-long-run-guard	expect(block).toContain("[2026-09-05][failure] use nohup");
pi-config	_shared	_shared/doorbell-server.ts	10	tilde-literal	note		tilde in display/log/test string only, never passed to fs	* at ~/.pi/agent/bridges/<sessionId>.sock (mode 0600, stale cleanup on
pi-config	_shared	_shared/doorbell-server.ts	17	tilde-literal	note		tilde in display/log/test string only, never passed to fs	* ~/.pi — the socket opens, nobody pokes it, zero cost. NEVER throws.
pi-config	_shared	_shared/doorbell-server.ts	34	tilde-literal	note		tilde in display/log/test string only, never passed to fs	/** Bridges dir override (tests). Default ~/.pi/agent/bridges. */
pi-config	_shared	_shared/doorbell.ts	5	tilde-literal	note		tilde in display/log/test string only, never passed to fs	* ~/.paseo/plugin-data/bridges/ are BELLS, not a data channel — after the
pi-config	_shared	_shared/doorbell.ts	26	tilde-literal	note		tilde in display/log/test string only, never passed to fs	/** Default bridges dir: ~/.paseo/plugin-data/bridges (override via opts.dir for tests). */
pi-config	_shared	_shared/lessons-core.ts	9	tilde-literal	note		tilde in display/log/test string only, never passed to fs	*  - OM consolidator is the SINGLE WRITER of ~/.pi/agent/lessons.md
pi-config	_shared	_shared/lessons-core.ts	25	tilde-literal	note		tilde in display/log/test string only, never passed to fs	/** Default file location: ~/.pi/agent/lessons.md (HOME-aware; NOT under .memory/
pi-config	_shared	_shared/lessons-core.ts	26	tilde-literal	note		tilde in display/log/test string only, never passed to fs	*  so memory-guard scope is untouched; NOT under ~/.pi/agent/memory/ so it can
pi-config	_shared	_shared/doorbell-server.test.ts	5	unix-socket	adapt	win	AF_UNIX unix-socket (doorbell bridges) — Node/bun Windows AF_UNIX immature	import { createConnection } from "node:net";
pi-config	_shared	_shared/doorbell-server.test.ts	56	unix-socket	adapt	win	AF_UNIX unix-socket (doorbell bridges) — Node/bun Windows AF_UNIX immature	const path = join(root, "sess-1.sock");
pi-config	_shared	_shared/doorbell-server.test.ts	60	unix-socket	adapt	win	AF_UNIX unix-socket (doorbell bridges) — Node/bun Windows AF_UNIX immature	const sock = createConnection({ path });
pi-config	_shared	_shared/doorbell-server.test.ts	82	unix-socket	adapt	win	AF_UNIX unix-socket (doorbell bridges) — Node/bun Windows AF_UNIX immature	expect(existsSync(join(root, "sess-1.sock"))).toBe(true);
pi-config	_shared	_shared/doorbell-server.test.ts	84	unix-socket	adapt	win	AF_UNIX unix-socket (doorbell bridges) — Node/bun Windows AF_UNIX immature	expect(existsSync(join(root, "sess-1.sock"))).toBe(false);
pi-config	_shared	_shared/doorbell-server.test.ts	90	unix-socket	adapt	win	AF_UNIX unix-socket (doorbell bridges) — Node/bun Windows AF_UNIX immature	writeFileSync(join(root, "sess-1.sock"), "stale");
pi-config	_shared	_shared/doorbell-server.test.ts	102	unix-socket	adapt	win	AF_UNIX unix-socket (doorbell bridges) — Node/bun Windows AF_UNIX immature	const sock = createConnection({ path: join(root, "sess-1.sock") });
pi-config	_shared	_shared/doorbell-server.ts	10	unix-socket	adapt	win	AF_UNIX unix-socket (doorbell bridges) — Node/bun Windows AF_UNIX immature	* at ~/.pi/agent/bridges/<sessionId>.sock (mode 0600, stale cleanup on
pi-config	_shared	_shared/doorbell-server.ts	88	unix-socket	adapt	win	AF_UNIX unix-socket (doorbell bridges) — Node/bun Windows AF_UNIX immature	sockPath = join(dir, `${sessionId}.sock`);
pi-config	_shared	_shared/doorbell.test.ts	13	unix-socket	adapt	win	AF_UNIX unix-socket (doorbell bridges) — Node/bun Windows AF_UNIX immature	const path = join(root, `${name}.sock`);
pi-config	_shared	_shared/doorbell.test.ts	60	unix-socket	adapt	win	AF_UNIX unix-socket (doorbell bridges) — Node/bun Windows AF_UNIX immature	test("two sockets: both poked (fan-out), non-.sock files ignored", async () => {
pi-config	_shared	_shared/doorbell.test.ts	70	unix-socket	adapt	win	AF_UNIX unix-socket (doorbell bridges) — Node/bun Windows AF_UNIX immature	test("dead socket entry (plain file with .sock name) is skipped silently", async () => {
pi-config	_shared	_shared/doorbell.test.ts	71	unix-socket	adapt	win	AF_UNIX unix-socket (doorbell bridges) — Node/bun Windows AF_UNIX immature	writeFileSync(join(root, "dead.sock"), "not a socket");
pi-config	_shared	_shared/doorbell.ts	22	unix-socket	adapt	win	AF_UNIX unix-socket (doorbell bridges) — Node/bun Windows AF_UNIX immature	import { createConnection } from "node:net";
pi-config	_shared	_shared/doorbell.ts	54	unix-socket	adapt	win	AF_UNIX unix-socket (doorbell bridges) — Node/bun Windows AF_UNIX immature	const sock = createConnection({ path: sockPath });
pi-config	_shared	_shared/doorbell.ts	105	unix-socket	adapt	win	AF_UNIX unix-socket (doorbell bridges) — Node/bun Windows AF_UNIX immature	const sockets = entries.filter((e) => e.endsWith(".sock")).slice(0, MAX_SOCKETS_PER_POKE);
pi-config	ask-user-question	ask-user-question/smoke-rpc.ts	12	child-spawn	portable-caveat	win	child_process spawn — argv[0] resolution OS-dependent	import { spawn } from "node:child_process";
pi-config	ask-user-question	ask-user-question/smoke-rpc.ts	13	child-spawn	portable-caveat	win	child_process spawn — argv[0] resolution OS-dependent	import type { ChildProcessWithoutNullStreams } from "node:child_process";
pi-config	ask-user-question	ask-user-question/smoke-rpc.ts	36	child-spawn	portable-caveat	win	entry-point trick (execPath + real entry .mjs); PATH-'pi' fallback hits .cmd problem on Win	const proc = spawn(PI_BIN, ["--mode", "rpc", "--extension", EXT, "--no-session"], {
pi-config	bash-long-run-guard	bash-long-run-guard/src/match.test.ts	23	signals	adapt	win	POSIX-only recipe (setsid/nohup) taught by bash-long-run-guard	expect(v.recipe).toContain("setsid nohup");
pi-config	bash-long-run-guard	bash-long-run-guard/src/match.test.ts	45	signals	adapt	win	POSIX-only recipe (setsid/nohup) taught by bash-long-run-guard	test("already backgrounded (setsid/nohup + /tmp log) → pass — the launcher itself is safe", () => {
pi-config	bash-long-run-guard	bash-long-run-guard/src/match.test.ts	46	signals	adapt	win	POSIX-only recipe (setsid/nohup) taught by bash-long-run-guard	expect(bashLongRunVerdict("L=/tmp/x.log; setsid nohup bash -c 'bun test' >$L 2>&1 & sleep 1; tail -5 $L").background).toBe(false);
pi-config	bash-long-run-guard	bash-long-run-guard/src/match.test.ts	47	signals	adapt	win	POSIX-only recipe (setsid/nohup) taught by bash-long-run-guard	expect(bashLongRunVerdict("rm -f /tmp/f.log && setsid nohup bash -c 'bun test > /tmp/f.log 2>&1; echo EXIT:$? >> /tmp/f.log' >/dev/null 2>&1 & sleep 1; echo sta
pi-config	bash-long-run-guard	bash-long-run-guard/src/match.ts	12	signals	adapt	win	POSIX-only recipe (setsid/nohup) taught by bash-long-run-guard	*   L=/tmp/blk-$RANDOM$RANDOM.log; setsid nohup bash -c '<cmd>; echo EXIT:$?' \
pi-config	bash-long-run-guard	bash-long-run-guard/src/match.ts	43	signals	adapt	win	POSIX-only recipe (setsid/nohup) taught by bash-long-run-guard	const BACKGROUNDED = /\b(nohup|setsid|disown)\b|\bsystemd-run\b/;
pi-config	bash-long-run-guard	bash-long-run-guard/src/match.ts	59	signals	adapt	win	POSIX-only recipe (setsid/nohup) taught by bash-long-run-guard	recipe: `L=/tmp/blk-$RANDOM$RANDOM.log; setsid nohup bash -c '${c.replace(/'/g, "'\\''")} >$L 2>&1 </dev/null; echo EXIT:$? >>$L' >/dev/null 2>&1 & sleep 1; tai
pi-config	facts	facts/src/curator-run.ts	16	child-spawn	portable-caveat	win	child_process spawn — argv[0] resolution OS-dependent	import { spawn } from "node:child_process";
pi-config	facts	facts/src/curator-run.ts	89	child-spawn	portable-caveat	win	entry-point trick (execPath + real entry .mjs); PATH-'pi' fallback hits .cmd problem on Win	const proc = spawn(pi.command, args, {
pi-config	facts	facts/index.ts	6	dotpi-path	portable		dot-path anchored at resolved home (see env-HOME row for the anchor quality)	* ~/.pi/agent/facts.md, injects the selected block (P1→P2→P3, newest first,
pi-config	facts	facts/index.ts	99	dotpi-path	portable		dot-path anchored at resolved home (see env-HOME row for the anchor quality)	"Search the durable facts tier (~/.pi/agent/facts.md) — long-term user preferences, conventions, project and decision memory that survives across sessions. PASS
pi-config	facts	facts/src/curator-run.ts	38	dotpi-path	portable		dot-path anchored at resolved home (see env-HOME row for the anchor quality)	: join(home, ".pi", "agent", "facts-runs");
pi-config	facts	facts/src/curator-run.ts	211	dotpi-path	portable		dot-path anchored at resolved home (see env-HOME row for the anchor quality)	lessonsRaw = readFileSync(join(home, ".pi", "agent", "lessons.md"), "utf8");
pi-config	facts	facts/src/status-projection.ts	4	dotpi-path	portable		dot-path anchored at resolved home (see env-HOME row for the anchor quality)	* Projection: ~/.pi/agent/facts-status.json — the plugin panel's ONLY read
pi-config	facts	facts/src/status-projection.ts	9	dotpi-path	portable		dot-path anchored at resolved home (see env-HOME row for the anchor quality)	* Control: ~/.pi/agent/facts-control/*.json — the USER-only un-tombstone door
pi-config	facts	facts/src/status-projection.ts	26	dotpi-path	portable		dot-path anchored at resolved home (see env-HOME row for the anchor quality)	: join(home, ".pi", "agent", "facts-status.json");
pi-config	facts	facts/src/status-projection.ts	30	dotpi-path	portable		dot-path anchored at resolved home (see env-HOME row for the anchor quality)	return join(home, ".pi", "agent", "facts-control");
pi-config	facts	facts/src/store.test.ts	249	dotpi-path	portable		dot-path anchored at resolved home (see env-HOME row for the anchor quality)	test("factsFilePath env override wins, default under ~/.pi/agent", () => {
pi-config	facts	facts/src/store.test.ts	251	dotpi-path	portable		dot-path anchored at resolved home (see env-HOME row for the anchor quality)	expect(factsFilePath({}, "/h")).toBe("/h/.pi/agent/facts.md");
pi-config	facts	facts/src/store.ts	305	dotpi-path	portable		dot-path anchored at resolved home (see env-HOME row for the anchor quality)	/** Default file location: ~/.pi/agent/facts.md — same HOME-aware placement as
pi-config	facts	facts/src/store.ts	306	dotpi-path	portable		dot-path anchored at resolved home (see env-HOME row for the anchor quality)	*  lessons.md (NOT under .memory/, NOT under ~/.pi/agent/memory/ so it can
pi-config	facts	facts/src/store.ts	309	dotpi-path	portable		dot-path anchored at resolved home (see env-HOME row for the anchor quality)	return env.FACTS_FILE && env.FACTS_FILE.trim() ? env.FACTS_FILE : join(home, ".pi", "agent", "facts.md");
pi-config	facts	facts/index.ts	76	env-HOME	adapt	win	HOME unset on Windows -> empty-string home -> cwd-relative paths	writeFactsStatus(process.env, process.env.HOME ?? "", {
pi-config	facts	facts/index.ts	89	env-HOME	adapt	win	HOME unset on Windows -> empty-string home -> cwd-relative paths	const stopWatcher = watchFactsControl(process.env, process.env.HOME ?? "");
pi-config	facts	facts/index.ts	152	env-HOME	adapt	win	HOME unset on Windows -> empty-string home -> cwd-relative paths	accrueCounters(process.env, process.env.HOME ?? "", typeof tokens === "number" ? tokens : 0);
pi-config	facts	facts/src/curator-run.ts	35	env-HOME	adapt	win	HOME unset on Windows -> empty-string home -> cwd-relative paths	export function factsRunsDir(env: NodeJS.ProcessEnv = process.env, home = process.env.HOME ?? ""): string {
pi-config	facts	facts/src/curator-run.ts	196	env-HOME	adapt	win	HOME unset on Windows -> empty-string home -> cwd-relative paths	const home = opts.home ?? process.env.HOME ?? "";
pi-config	facts	facts/src/status-projection.ts	23	env-HOME	adapt	win	HOME unset on Windows -> empty-string home -> cwd-relative paths	export function factsStatusPath(env: NodeJS.ProcessEnv = process.env, home = process.env.HOME ?? ""): string {
pi-config	facts	facts/src/status-projection.ts	29	env-HOME	adapt	win	HOME unset on Windows -> empty-string home -> cwd-relative paths	export function factsControlDir(env: NodeJS.ProcessEnv = process.env, home = process.env.HOME ?? ""): string {
pi-config	facts	facts/src/status-projection.ts	110	env-HOME	adapt	win	HOME unset on Windows -> empty-string home -> cwd-relative paths	home = process.env.HOME ?? "",
pi-config	facts	facts/src/status-projection.ts	128	env-HOME	adapt	win	HOME unset on Windows -> empty-string home -> cwd-relative paths	home = process.env.HOME ?? "",
pi-config	facts	facts/src/status-projection.ts	190	env-HOME	adapt	win	HOME unset on Windows -> empty-string home -> cwd-relative paths	export function watchFactsControl(env: NodeJS.ProcessEnv = process.env, home = process.env.HOME ?? ""): () => void {
pi-config	facts	facts/src/store.ts	308	env-HOME	adapt	win	HOME unset on Windows -> empty-string home -> cwd-relative paths	export function factsFilePath(env: NodeJS.ProcessEnv = process.env, home = process.env.HOME ?? ""): string {
pi-config	facts	facts/src/curator-run.ts	99	signals	adapt	win	POSIX signals — Windows emulates partially (TerminationProcess, no SIGKILL/SIGUSR)	proc.kill("SIGTERM");
pi-config	facts	facts/src/curator-run.ts	100	signals	adapt	win	POSIX signals — Windows emulates partially (TerminationProcess, no SIGKILL/SIGUSR)	setTimeout(() => proc.kill("SIGKILL"), 3000).unref?.();
pi-config	facts	facts/index.ts	6	tilde-literal	note		tilde in display/log/test string only, never passed to fs	* ~/.pi/agent/facts.md, injects the selected block (P1→P2→P3, newest first,
pi-config	facts	facts/index.ts	99	tilde-literal	note		tilde in display/log/test string only, never passed to fs	"Search the durable facts tier (~/.pi/agent/facts.md) — long-term user preferences, conventions, project and decision memory that survives across sessions. PASS
pi-config	facts	facts/src/status-projection.ts	4	tilde-literal	note		tilde in display/log/test string only, never passed to fs	* Projection: ~/.pi/agent/facts-status.json — the plugin panel's ONLY read
pi-config	facts	facts/src/status-projection.ts	9	tilde-literal	note		tilde in display/log/test string only, never passed to fs	* Control: ~/.pi/agent/facts-control/*.json — the USER-only un-tombstone door
pi-config	facts	facts/src/store.test.ts	249	tilde-literal	note		tilde in display/log/test string only, never passed to fs	test("factsFilePath env override wins, default under ~/.pi/agent", () => {
pi-config	facts	facts/src/store.ts	305	tilde-literal	note		tilde in display/log/test string only, never passed to fs	/** Default file location: ~/.pi/agent/facts.md — same HOME-aware placement as
pi-config	facts	facts/src/store.ts	306	tilde-literal	note		tilde in display/log/test string only, never passed to fs	*  lessons.md (NOT under .memory/, NOT under ~/.pi/agent/memory/ so it can
pi-config	goal	goal/index.ts	18	dotpi-path	portable		dot-path anchored at resolved home (see env-HOME row for the anchor quality)	* ~/.pi/agent/goal-state/<sessionId>.json; task ext + subagent-types READ
pi-config	goal	goal/index.ts	57	dotpi-path	portable		dot-path anchored at resolved home (see env-HOME row for the anchor quality)	return join(home(), ".pi", "agent", "goal-state");
pi-config	goal	goal/index.ts	84	dotpi-path	portable		dot-path anchored at resolved home (see env-HOME row for the anchor quality)	const dir = join(home(), ".pi", "agent", "goal-status");
pi-config	goal	goal/index.ts	111	dotpi-path	portable		dot-path anchored at resolved home (see env-HOME row for the anchor quality)	return join(home(), ".pi", "agent", "goal-control", `${sessionId}.json`);
pi-config	goal	goal/index.ts	125	dotpi-path	portable		dot-path anchored at resolved home (see env-HOME row for the anchor quality)	const raw = JSON.parse(readFileSync(join(home(), ".pi", "agent", "task-status", `${sessionId}.json`), "utf8"));
pi-config	goal	goal/index.ts	392	dotpi-path	portable		dot-path anchored at resolved home (see env-HOME row for the anchor quality)	watch(join(home(), ".pi", "agent", "goal-control"), () => {
pi-config	goal	goal/index.ts	53	env-HOME	portable		HOME with os.homedir() fallback	return process.env.HOME ?? homedir();
pi-config	goal	goal/index.ts	18	tilde-literal	note		tilde in display/log/test string only, never passed to fs	* ~/.pi/agent/goal-state/<sessionId>.json; task ext + subagent-types READ
pi-config	lessons	lessons/index.ts	4	dotpi-path	portable		dot-path anchored at resolved home (see env-HOME row for the anchor quality)	* Pure injector: READS ~/.pi/agent/lessons.md, injects the newest N=8 lessons
pi-config	lessons	lessons/index.test.ts	50	signals	adapt	win	POSIX-only recipe (setsid/nohup) taught by bash-long-run-guard	`[${iso(5)}][failure] bash silent-abort — use setsid nohup bg`,
pi-config	lessons	lessons/index.ts	4	tilde-literal	note		tilde in display/log/test string only, never passed to fs	* Pure injector: READS ~/.pi/agent/lessons.md, injects the newest N=8 lessons
pi-config	observational-memory	observational-memory/smoke-rpc.ts	10	child-spawn	portable-caveat	win	child_process spawn — argv[0] resolution OS-dependent	import { spawn } from "node:child_process";
pi-config	observational-memory	observational-memory/smoke-rpc.ts	11	child-spawn	portable-caveat	win	child_process spawn — argv[0] resolution OS-dependent	import type { ChildProcessWithoutNullStreams } from "node:child_process";
pi-config	observational-memory	observational-memory/smoke-rpc.ts	33	child-spawn	portable-caveat	win	entry-point trick (execPath + real entry .mjs); PATH-'pi' fallback hits .cmd problem on Win	const proc = spawn(PI_BIN, ["--mode", "rpc", "--extension", EXT, "--no-session"], {
pi-config	observational-memory	observational-memory/src/spawn/launch.ts	9	child-spawn	portable-caveat	win	child_process spawn — argv[0] resolution OS-dependent	import { spawn } from "node:child_process";
pi-config	observational-memory	observational-memory/src/spawn/launch.ts	42	child-spawn	portable-caveat	win	child_process spawn — argv[0] resolution OS-dependent	* single argv element at MAX_ARG_STRLEN (131,072 bytes) and `spawn()` fails with E2BIG
pi-config	observational-memory	observational-memory/src/spawn/launch.ts	77	child-spawn	portable-caveat	win	child_process spawn — argv[0] resolution OS-dependent	* exist before spawn — `spawn()` would ENOENT otherwise (the memory root is created lazily on
pi-config	observational-memory	observational-memory/src/spawn/launch.ts	91	child-spawn	portable-caveat	win	child_process spawn — argv[0] resolution OS-dependent	const proc = spawn(command, rest, {
pi-config	observational-memory	observational-memory/src/guard/memory-guard.ts	120	chmod	portable-caveat	win	0600/0700 mode bits partially no-op on NTFS	const MUTATION = /\b(rm|mv|tee|truncate|shred|dd|mkdir|rmdir|chmod|chown|rsync|install)\b|>>|>[ \t>]*\S*\.memory|sed\s+(-[a-zA-Z]*)*i|perl\s+(-[a-zA-Z]*)*i\b|py
pi-config	observational-memory	observational-memory/agent/consolidator/tools.ts	115	dotpi-path	portable		dot-path anchored at resolved home (see env-HOME row for the anchor quality)	/** Global lessons tier (#1A): append one validated line to ~/.pi/agent/lessons.md
pi-config	observational-memory	observational-memory/agent/consolidator/tools.ts	218	dotpi-path	portable		dot-path anchored at resolved home (see env-HOME row for the anchor quality)	"Append ONE line to the global cross-session lessons tier (~/.pi/agent/lessons.md) that every future session reads at start and after each compaction. Only for 
pi-config	observational-memory	observational-memory/src/config.ts	151	dotpi-path	portable		dot-path anchored at resolved home (see env-HOME row for the anchor quality)	const projectPath = join(cwd, ".pi", "settings.json");
pi-config	observational-memory	observational-memory/src/guard/memory-guard.ts	39	dotpi-path	portable		dot-path anchored at resolved home (see env-HOME row for the anchor quality)	// The durable tiers ~/.pi/agent/facts.md + lessons.md and the curator's
pi-config	observational-memory	observational-memory/src/guard/memory-guard.ts	40	dotpi-path	portable		dot-path anchored at resolved home (see env-HOME row for the anchor quality)	// receipts dir ~/.pi/agent/facts-runs/ are MACHINE-WRITTEN (regex trigger P2,
pi-config	observational-memory	observational-memory/src/guard/memory-guard.ts	59	dotpi-path	portable		dot-path anchored at resolved home (see env-HOME row for the anchor quality)	const facts = resolve(home, ".pi/agent/facts.md");
pi-config	observational-memory	observational-memory/src/guard/memory-guard.ts	60	dotpi-path	portable		dot-path anchored at resolved home (see env-HOME row for the anchor quality)	const lessons = resolve(home, ".pi/agent/lessons.md");
pi-config	observational-memory	observational-memory/src/guard/memory-guard.ts	61	dotpi-path	portable		dot-path anchored at resolved home (see env-HOME row for the anchor quality)	const runs = resolve(home, ".pi/agent/facts-runs");
pi-config	observational-memory	observational-memory/src/guard/memory-guard.ts	66	dotpi-path	portable		dot-path anchored at resolved home (see env-HOME row for the anchor quality)	*  ~/.pi/agent — `~`-relative, `$HOME`-expanded, or absolute. A bare
pi-config	observational-memory	observational-memory/src/guard/memory-guard.ts	70	dotpi-path	portable		dot-path anchored at resolved home (see env-HOME row for the anchor quality)	return /(^|\/)\.pi\/agent\/(facts\.md|lessons\.md|facts-runs)(\/|$)/.test(t) || t.includes("$HOME/.pi/agent/");
pi-config	observational-memory	observational-memory/src/guard/memory-guard.ts	196	dotpi-path	portable		dot-path anchored at resolved home (see env-HOME row for the anchor quality)	"The durable memory tiers `~/.pi/agent/facts.md` and `~/.pi/agent/lessons.md` (and `facts-runs/`) " +
pi-config	observational-memory	observational-memory/src/guard/memory-guard.ts	201	dotpi-path	portable		dot-path anchored at resolved home (see env-HOME row for the anchor quality)	"memory-guard: ~/.pi/agent/facts.md, lessons.md and facts-runs/ are machine-written memory " +
pi-config	observational-memory	observational-memory/src/spawn/launch.ts	7	dotpi-path	portable		dot-path anchored at resolved home (see env-HOME row for the anchor quality)	* project path in `~/.pi/agent/sessions` and is openable in the session browser.
pi-config	observational-memory	observational-memory/tests/guard.test.ts	58	dotpi-path	portable		dot-path anchored at resolved home (see env-HOME row for the anchor quality)	expect(isFactsTierPath("~/.pi/agent/facts.md", "/ws", HOME)).toBe(true);
pi-config	observational-memory	observational-memory/tests/guard.test.ts	59	dotpi-path	portable		dot-path anchored at resolved home (see env-HOME row for the anchor quality)	expect(isFactsTierPath("/home/tester/.pi/agent/facts.md", "/ws", HOME)).toBe(true);
pi-config	observational-memory	observational-memory/tests/guard.test.ts	60	dotpi-path	portable		dot-path anchored at resolved home (see env-HOME row for the anchor quality)	expect(isFactsTierPath("~/.pi/agent/lessons.md", "/ws", HOME)).toBe(true);
pi-config	observational-memory	observational-memory/tests/guard.test.ts	61	dotpi-path	portable		dot-path anchored at resolved home (see env-HOME row for the anchor quality)	expect(isFactsTierPath("/home/tester/.pi/agent/facts-runs/run-1.json", "/ws", HOME)).toBe(true);
pi-config	observational-memory	observational-memory/tests/guard.test.ts	71	dotpi-path	portable		dot-path anchored at resolved home (see env-HOME row for the anchor quality)	expect(classifyBashFactsTierTouch(`cat ${HOME}/.pi/agent/facts.md`, HOME)).toBe("read");
pi-config	observational-memory	observational-memory/tests/guard.test.ts	72	dotpi-path	portable		dot-path anchored at resolved home (see env-HOME row for the anchor quality)	expect(classifyBashFactsTierTouch("grep bun ~/.pi/agent/facts.md | head", HOME)).toBe("read");
pi-config	observational-memory	observational-memory/tests/guard.test.ts	75	dotpi-path	portable		dot-path anchored at resolved home (see env-HOME row for the anchor quality)	expect(classifyBashFactsTierTouch(`echo x >> ${HOME}/.pi/agent/facts.md`, HOME)).toBe("mutate");
pi-config	observational-memory	observational-memory/tests/guard.test.ts	76	dotpi-path	portable		dot-path anchored at resolved home (see env-HOME row for the anchor quality)	expect(classifyBashFactsTierTouch("rm ~/.pi/agent/facts.md", HOME)).toBe("mutate");
pi-config	observational-memory	observational-memory/tests/guard.test.ts	77	dotpi-path	portable		dot-path anchored at resolved home (see env-HOME row for the anchor quality)	expect(classifyBashFactsTierTouch(`sed -i s/a/b/ ${HOME}/.pi/agent/lessons.md`, HOME)).toBe("mutate");
pi-config	observational-memory	observational-memory/tests/guard.test.ts	78	dotpi-path	portable		dot-path anchored at resolved home (see env-HOME row for the anchor quality)	expect(classifyBashFactsTierTouch(`cp /tmp/new.md ${HOME}/.pi/agent/facts.md`, HOME)).toBe("mutate");
pi-config	observational-memory	observational-memory/tests/guard.test.ts	79	dotpi-path	portable		dot-path anchored at resolved home (see env-HOME row for the anchor quality)	expect(classifyBashFactsTierTouch(`mkdir -p ${HOME}/.pi/agent/facts-runs/x`, HOME)).toBe("mutate");
pi-config	observational-memory	observational-memory/tests/guard.test.ts	80	dotpi-path	portable		dot-path anchored at resolved home (see env-HOME row for the anchor quality)	expect(classifyBashFactsTierTouch(`python3 -c "open('${HOME}/.pi/agent/facts.md','w')"`, HOME)).toBe("mutate");
pi-config	observational-memory	observational-memory/tests/guard.test.ts	83	dotpi-path	portable		dot-path anchored at resolved home (see env-HOME row for the anchor quality)	expect(classifyBashFactsTierTouch("echo x >> $HOME/.pi/agent/facts.md", HOME)).toBe("mutate");
pi-config	observational-memory	observational-memory/tests/guard.test.ts	90	dotpi-path	portable		dot-path anchored at resolved home (see env-HOME row for the anchor quality)	expect(classifyBashFactsTierTouch(`git commit -m "touch ~/.pi/agent/facts.md layout in docs"`, HOME)).toBe("none");
pi-config	observational-memory	observational-memory/src/guard/memory-guard.ts	55	env-HOME	adapt	win	HOME unset on Windows -> empty-string home -> cwd-relative paths	home: string = process.env.HOME ?? "",
pi-config	observational-memory	observational-memory/src/guard/memory-guard.ts	74	env-HOME	adapt	win	HOME unset on Windows -> empty-string home -> cwd-relative paths	export function mentionsFactsTierPath(command: string, home: string = process.env.HOME ?? ""): boolean {
pi-config	observational-memory	observational-memory/src/guard/memory-guard.ts	114	env-HOME	adapt	win	HOME unset on Windows -> empty-string home -> cwd-relative paths	export function classifyBashFactsTierTouch(command: string, home: string = process.env.HOME ?? ""): "none" | "read" | "mutate" {
pi-config	observational-memory	observational-memory/src/guard/memory-guard.ts	214	env-HOME	adapt	win	HOME unset on Windows -> empty-string home -> cwd-relative paths	const home = process.env.HOME ?? "";
pi-config	observational-memory	observational-memory/agent/observer/tool.ts	54	eol-crlf	note		explicit \r\n handling present	const content = obs.content.replace(/[\r\n]+/g, " ").trim();
pi-config	observational-memory	observational-memory/tests/guard.test.ts	71	fwdslash-build	adapt	win	template-literal path joined with '/' separator	expect(classifyBashFactsTierTouch(`cat ${HOME}/.pi/agent/facts.md`, HOME)).toBe("read");
pi-config	observational-memory	observational-memory/tests/guard.test.ts	75	fwdslash-build	adapt	win	template-literal path joined with '/' separator	expect(classifyBashFactsTierTouch(`echo x >> ${HOME}/.pi/agent/facts.md`, HOME)).toBe("mutate");
pi-config	observational-memory	observational-memory/tests/guard.test.ts	77	fwdslash-build	adapt	win	template-literal path joined with '/' separator	expect(classifyBashFactsTierTouch(`sed -i s/a/b/ ${HOME}/.pi/agent/lessons.md`, HOME)).toBe("mutate");
pi-config	observational-memory	observational-memory/tests/guard.test.ts	78	fwdslash-build	adapt	win	template-literal path joined with '/' separator	expect(classifyBashFactsTierTouch(`cp /tmp/new.md ${HOME}/.pi/agent/facts.md`, HOME)).toBe("mutate");
pi-config	observational-memory	observational-memory/tests/guard.test.ts	79	fwdslash-build	adapt	win	template-literal path joined with '/' separator	expect(classifyBashFactsTierTouch(`mkdir -p ${HOME}/.pi/agent/facts-runs/x`, HOME)).toBe("mutate");
pi-config	observational-memory	observational-memory/tests/guard.test.ts	80	fwdslash-build	adapt	win	template-literal path joined with '/' separator	expect(classifyBashFactsTierTouch(`python3 -c "open('${HOME}/.pi/agent/facts.md','w')"`, HOME)).toBe("mutate");
pi-config	observational-memory	observational-memory/src/spawn/launch.ts	111	signals	adapt	win	POSIX signals — Windows emulates partially (TerminationProcess, no SIGKILL/SIGUSR)	proc.kill("SIGTERM");
pi-config	observational-memory	observational-memory/src/spawn/launch.ts	113	signals	adapt	win	POSIX signals — Windows emulates partially (TerminationProcess, no SIGKILL/SIGUSR)	if (!proc.killed) proc.kill("SIGKILL");
pi-config	observational-memory	observational-memory/tests/consolidator-tools.test.ts	160	signals	adapt	win	POSIX-only recipe (setsid/nohup) taught by bash-long-run-guard	const out = await recordLessonTool(tools).execute("t1", { tag: "failure", text: "bash silent-abort >2s — use setsid nohup bg" });
pi-config	observational-memory	observational-memory/tests/consolidator-tools.test.ts	164	signals	adapt	win	POSIX-only recipe (setsid/nohup) taught by bash-long-run-guard	`[${today}][failure] bash silent-abort >2s — use setsid nohup bg`,
pi-config	observational-memory	observational-memory/agent/consolidator/tools.ts	115	tilde-literal	note		tilde in display/log/test string only, never passed to fs	/** Global lessons tier (#1A): append one validated line to ~/.pi/agent/lessons.md
pi-config	observational-memory	observational-memory/agent/consolidator/tools.ts	218	tilde-literal	note		tilde in display/log/test string only, never passed to fs	"Append ONE line to the global cross-session lessons tier (~/.pi/agent/lessons.md) that every future session reads at start and after each compaction. Only for 
pi-config	observational-memory	observational-memory/src/guard/memory-guard.ts	39	tilde-literal	note		tilde in display/log/test string only, never passed to fs	// The durable tiers ~/.pi/agent/facts.md + lessons.md and the curator's
pi-config	observational-memory	observational-memory/src/guard/memory-guard.ts	40	tilde-literal	note		tilde in display/log/test string only, never passed to fs	// receipts dir ~/.pi/agent/facts-runs/ are MACHINE-WRITTEN (regex trigger P2,
pi-config	observational-memory	observational-memory/src/guard/memory-guard.ts	46	tilde-literal	portable		guard performs its own tilde->home expansion (portable)	if (p === "~") return home;
pi-config	observational-memory	observational-memory/src/guard/memory-guard.ts	66	tilde-literal	note		tilde in display/log/test string only, never passed to fs	*  ~/.pi/agent — `~`-relative, `$HOME`-expanded, or absolute. A bare
pi-config	observational-memory	observational-memory/src/guard/memory-guard.ts	196	tilde-literal	note		tilde in display/log/test string only, never passed to fs	"The durable memory tiers `~/.pi/agent/facts.md` and `~/.pi/agent/lessons.md` (and `facts-runs/`) " +
pi-config	observational-memory	observational-memory/src/guard/memory-guard.ts	201	tilde-literal	note		tilde in display/log/test string only, never passed to fs	"memory-guard: ~/.pi/agent/facts.md, lessons.md and facts-runs/ are machine-written memory " +
pi-config	observational-memory	observational-memory/src/spawn/launch.ts	7	tilde-literal	note		tilde in display/log/test string only, never passed to fs	* project path in `~/.pi/agent/sessions` and is openable in the session browser.
pi-config	observational-memory	observational-memory/tests/guard.test.ts	58	tilde-literal	note		tilde in display/log/test string only, never passed to fs	expect(isFactsTierPath("~/.pi/agent/facts.md", "/ws", HOME)).toBe(true);
pi-config	observational-memory	observational-memory/tests/guard.test.ts	60	tilde-literal	note		tilde in display/log/test string only, never passed to fs	expect(isFactsTierPath("~/.pi/agent/lessons.md", "/ws", HOME)).toBe(true);
pi-config	observational-memory	observational-memory/tests/guard.test.ts	72	tilde-literal	note		tilde in display/log/test string only, never passed to fs	expect(classifyBashFactsTierTouch("grep bun ~/.pi/agent/facts.md | head", HOME)).toBe("read");
pi-config	observational-memory	observational-memory/tests/guard.test.ts	76	tilde-literal	note		tilde in display/log/test string only, never passed to fs	expect(classifyBashFactsTierTouch("rm ~/.pi/agent/facts.md", HOME)).toBe("mutate");
pi-config	observational-memory	observational-memory/tests/guard.test.ts	90	tilde-literal	note		tilde in display/log/test string only, never passed to fs	expect(classifyBashFactsTierTouch(`git commit -m "touch ~/.pi/agent/facts.md layout in docs"`, HOME)).toBe("none");
pi-config	read-only-mode	read-only-mode/index.test.ts	180	dotpi-path	portable		dot-path anchored at resolved home (see env-HOME row for the anchor quality)	const plan = { ...emptyPlan(), mode: "awaiting" as const, planFile: ".pi/plans/x.md", steps: [
pi-config	read-only-mode	read-only-mode/index.test.ts	196	dotpi-path	portable		dot-path anchored at resolved home (see env-HOME row for the anchor quality)	planFile: ".pi/plans/x.md",
pi-config	read-only-mode	read-only-mode/index.ts	15	dotpi-path	portable		dot-path anchored at resolved home (see env-HOME row for the anchor quality)	*   /plan list        -> list .pi/plans/
pi-config	read-only-mode	read-only-mode/index.ts	28	dotpi-path	portable		dot-path anchored at resolved home (see env-HOME row for the anchor quality)	*   .pi/plans/YYYY-MM-DD-<slug>.md. No write tool is ever unblocked.
pi-config	read-only-mode	read-only-mode/index.ts	35	dotpi-path	portable		dot-path anchored at resolved home (see env-HOME row for the anchor quality)	* - control file ~/.pi/agent/plan-control/<sessionId>.json (v:1 action
pi-config	read-only-mode	read-only-mode/index.ts	131	dotpi-path	portable		dot-path anchored at resolved home (see env-HOME row for the anchor quality)	const dir = join(homedir(), ".pi", "agent", PLAN_CONTROL_DIR);
pi-config	read-only-mode	read-only-mode/index.ts	158	dotpi-path	portable		dot-path anchored at resolved home (see env-HOME row for the anchor quality)	const raw = JSON.parse(readFileSync(join(homedir(), ".pi", "agent", "task-status", `${sessionId}.json`), "utf8"));
pi-config	read-only-mode	read-only-mode/index.ts	186	dotpi-path	portable		dot-path anchored at resolved home (see env-HOME row for the anchor quality)	const dir = join(homedir(), ".pi", "agent", "plan-bridge");
pi-config	read-only-mode	read-only-mode/index.ts	462	dotpi-path	portable		dot-path anchored at resolved home (see env-HOME row for the anchor quality)	return join(homedir(), ".pi", "agent", PLAN_CONTROL_DIR, `${sid}.json`);
pi-config	read-only-mode	read-only-mode/index.ts	490	dotpi-path	portable		dot-path anchored at resolved home (see env-HOME row for the anchor quality)	const dir = join(homedir(), ".pi", "agent", PLAN_CONTROL_DIR);
pi-config	read-only-mode	read-only-mode/index.ts	621	dotpi-path	portable		dot-path anchored at resolved home (see env-HOME row for the anchor quality)	ctx.ui.notify(files.length > 0 ? `Plans:\n${files.map((f) => `- ${f}`).join("\n")}` : "No plans yet (.pi/plans/).", "info");
pi-config	read-only-mode	read-only-mode/index.ts	623	dotpi-path	portable		dot-path anchored at resolved home (see env-HOME row for the anchor quality)	ctx.ui.notify("No plans yet (.pi/plans/).", "info");
pi-config	read-only-mode	read-only-mode/index.ts	698	dotpi-path	portable		dot-path anchored at resolved home (see env-HOME row for the anchor quality)	"Write the full plan markdown (plan mode only). The extension writes .pi/plans/YYYY-MM-DD-<slug>.md — the ONLY write path in plan mode. Re-writes replace the pl
pi-config	read-only-mode	read-only-mode/index.ts	786	dotpi-path	portable		dot-path anchored at resolved home (see env-HOME row for the anchor quality)	content: [{ type: "text" as const, text: `Step #${params.index} done — ${r.total}/${r.total} complete.\n🎉 PLAN COMPLETE — auto-closed ${plan.completedAt}; track
pi-config	read-only-mode	read-only-mode/index.ts	807	dotpi-path	portable		dot-path anchored at resolved home (see env-HOME row for the anchor quality)	`- The ONLY write path is write_plan → ${plan.planFile ?? ".pi/plans/<date>-<slug>.md"} (extension-written).\n` +
pi-config	read-only-mode	read-only-mode/index.ts	883	dotpi-path	portable		dot-path anchored at resolved home (see env-HOME row for the anchor quality)	const tsDir = join(homedir(), ".pi", "agent", "task-status");
pi-config	read-only-mode	read-only-mode/plan.test.ts	129	dotpi-path	portable		dot-path anchored at resolved home (see env-HOME row for the anchor quality)	planFile: ".pi/plans/2026-09-14-x.md",
pi-config	read-only-mode	read-only-mode/plan.test.ts	186	dotpi-path	portable		dot-path anchored at resolved home (see env-HOME row for the anchor quality)	planFile: ".pi/plans/2026-09-14-old.md",
pi-config	read-only-mode	read-only-mode/plan.test.ts	243	dotpi-path	portable		dot-path anchored at resolved home (see env-HOME row for the anchor quality)	planFile: ".pi/plans/2026-09-15-x.md",
pi-config	read-only-mode	read-only-mode/plan.ts	7	dotpi-path	portable		dot-path anchored at resolved home (see env-HOME row for the anchor quality)	*  - plan file .pi/plans/YYYY-MM-DD-<slug>.md, written ONLY through the
pi-config	read-only-mode	read-only-mode/plan.ts	24	dotpi-path	portable		dot-path anchored at resolved home (see env-HOME row for the anchor quality)	export const PLANS_DIR = ".pi/plans";
pi-config	read-only-mode	read-only-mode/plan.ts	398	dotpi-path	portable		dot-path anchored at resolved home (see env-HOME row for the anchor quality)	/** Bridge request the task ext consumes (~/.pi/agent/plan-bridge/<sessionId>.json). */
pi-config	read-only-mode	read-only-mode/index.test.ts	176	homedir-api	portable		os.homedir()-anchored — adapts to any user	// shape; Bun caches os.homedir() at startup so tests pin the contract
pi-config	read-only-mode	read-only-mode/index.ts	35	tilde-literal	note		tilde in display/log/test string only, never passed to fs	* - control file ~/.pi/agent/plan-control/<sessionId>.json (v:1 action
pi-config	read-only-mode	read-only-mode/plan.ts	398	tilde-literal	note		tilde in display/log/test string only, never passed to fs	/** Bridge request the task ext consumes (~/.pi/agent/plan-bridge/<sessionId>.json). */
pi-config	snip	snip/index.test.ts	247	dotpi-path	portable		dot-path anchored at resolved home (see env-HOME row for the anchor quality)	expect(p.endsWith(join(".pi", "agent", "snip-control", "abc123.json"))).toBe(true);
pi-config	snip	snip/index.ts	58	dotpi-path	portable		dot-path anchored at resolved home (see env-HOME row for the anchor quality)	* One file per session: ~/.pi/agent/snip-control/<sessionId>.json (outside the
pi-config	snip	snip/index.ts	73	dotpi-path	portable		dot-path anchored at resolved home (see env-HOME row for the anchor quality)	return join(home, ".pi", "agent", "snip-control", `${sessionId}.json`);
pi-config	snip	snip/index.ts	72	env-HOME	adapt	win	reads $HOME directly (unset on Windows)	const home = process.env.PI_HOME ?? process.env.HOME ?? "/home/coder";
pi-config	snip	snip/index.test.ts	239	hardcoded-home	note		test fixture	const p = parseControlPayload(`{"v":1,"cwd":"/home/coder/workspaces/learn","active":[],"sticky":false,"sentAt":"t1","ackAt":"t2"}`);
pi-config	snip	snip/index.ts	72	hardcoded-home	adapt	win	fallback chain ends in literal /home/coder (fine wherever HOME set; wrong on Windows/new users)	const home = process.env.PI_HOME ?? process.env.HOME ?? "/home/coder";
pi-config	snip	snip/index.ts	58	tilde-literal	note		tilde in display/log/test string only, never passed to fs	* One file per session: ~/.pi/agent/snip-control/<sessionId>.json (outside the
pi-config	sse-probe	sse-probe/index.ts	12	dotpi-path	portable		dot-path anchored at resolved home (see env-HOME row for the anchor quality)	*   ~/.pi/agent/sse-probe.jsonl  — one JSON line per occurrence (append-only)
pi-config	sse-probe	sse-probe/index.ts	13	dotpi-path	portable		dot-path anchored at resolved home (see env-HOME row for the anchor quality)	*   ~/.pi/agent/sse-probe.json   — rolling summary for a future panel/plugin
pi-config	sse-probe	sse-probe/index.ts	28	dotpi-path	portable		dot-path anchored at resolved home (see env-HOME row for the anchor quality)	jsonl: join(home, ".pi", "agent", "sse-probe.jsonl"),
pi-config	sse-probe	sse-probe/index.ts	29	dotpi-path	portable		dot-path anchored at resolved home (see env-HOME row for the anchor quality)	summary: join(home, ".pi", "agent", "sse-probe.json"),
pi-config	sse-probe	sse-probe/index.ts	26	env-HOME	adapt	win	reads $HOME directly (unset on Windows)	const home = process.env.PI_HOME ?? process.env.HOME ?? "/home/coder";
pi-config	sse-probe	sse-probe/index.ts	26	hardcoded-home	adapt	win	fallback chain ends in literal /home/coder (fine wherever HOME set; wrong on Windows/new users)	const home = process.env.PI_HOME ?? process.env.HOME ?? "/home/coder";
pi-config	sse-probe	sse-probe/index.ts	12	tilde-literal	note		tilde in display/log/test string only, never passed to fs	*   ~/.pi/agent/sse-probe.jsonl  — one JSON line per occurrence (append-only)
pi-config	sse-probe	sse-probe/index.ts	13	tilde-literal	note		tilde in display/log/test string only, never passed to fs	*   ~/.pi/agent/sse-probe.json   — rolling summary for a future panel/plugin
pi-config	subagent-types	subagent-types/door-tool.test.ts	39	child-spawn	portable-caveat	win	child_process spawn — argv[0] resolution OS-dependent	Bun.spawnSync(["mkdir", "-p", `${dir}/ws-a`, `${dir}/ws-b`]);
pi-config	subagent-types	subagent-types/door-tool.test.ts	48	child-spawn	portable-caveat	win	child_process spawn — argv[0] resolution OS-dependent	Bun.spawnSync(["mkdir", "-p", `${dir}/ws`]);
pi-config	subagent-types	subagent-types/paseo-channel.ts	178	child-spawn	portable-caveat	win	child_process spawn — argv[0] resolution OS-dependent	*  shell interpolation anywhere (execFile, not exec). */
pi-config	subagent-types	subagent-types/paseo-channel.ts	217	child-spawn	portable-caveat	win	child_process spawn — argv[0] resolution OS-dependent	const { execFile } = await import("node:child_process");
pi-config	subagent-types	subagent-types/paseo-channel.ts	219	child-spawn	portable-caveat	win	child_process spawn — argv[0] resolution OS-dependent	execFile(
pi-config	subagent-types	subagent-types/safe-bash.ts	24	child-spawn	portable-caveat	win	child_process spawn — argv[0] resolution OS-dependent	import { execFileSync } from "node:child_process";
pi-config	subagent-types	subagent-types/safe-bash.ts	95	child-spawn	portable-caveat	win	child_process spawn — argv[0] resolution OS-dependent	return execFileSync("git", ["status", "--porcelain"], { cwd, timeout: 2000, encoding: "utf8", stdio: ["ignore", "pipe", "ignore"] }) as string;
pi-config	subagent-types	subagent-types/safe-bash-rules.ts	173	chmod	portable-caveat	win	0600/0700 mode bits partially no-op on NTFS	"chmod-777-root",
pi-config	subagent-types	subagent-types/safe-bash-rules.ts	212	chmod	portable-caveat	win	0600/0700 mode bits partially no-op on NTFS	/** Split arg words into (flags-string, paths) for rm/chmod-style rules. */
pi-config	subagent-types	subagent-types/safe-bash-rules.ts	359	chmod	portable-caveat	win	0600/0700 mode bits partially no-op on NTFS	if (name === "chmod") {
pi-config	subagent-types	subagent-types/safe-bash-rules.ts	361	chmod	portable-caveat	win	0600/0700 mode bits partially no-op on NTFS	return deny("chmod-777-root", "chmod 777 on an absolute path", "world-writable system paths are a privilege-escalation hole",
pi-config	subagent-types	subagent-types/tests/safe-bash-rules.test.ts	33	chmod	portable-caveat	win	0600/0700 mode bits partially no-op on NTFS	expect(ruleOf("chmod 777 /etc")).toBe("chmod-777-root");
pi-config	subagent-types	subagent-types/safe-bash-rules.ts	157	container-only	note	bare,win	docker-path check in safe-bash private-data rules (a rule ABOUT docker paths, not a dependency)	if (basename(n) === "config.json") return n.startsWith(`${home}/.docker/`); // only the docker auth one
pi-config	subagent-types	subagent-types/tests/safe-bash-rules.test.ts	169	container-only	note	bare,win	docker-path check in safe-bash private-data rules (a rule ABOUT docker paths, not a dependency)	test("plain config.json outside ~/.docker is not private data", () => {
pi-config	subagent-types	subagent-types/auto-report-join.ts	47	dotpi-path	portable		dot-path anchored at resolved home (see env-HOME row for the anchor quality)	return join(base ?? join(homedir(), ".pi", "agent"), "auto-report-join", mainAgentId);
pi-config	subagent-types	subagent-types/door-tool.ts	13	dotpi-path	portable		dot-path anchored at resolved home (see env-HOME row for the anchor quality)	*   ~/.paseo/agents/<ws>/<agentId>.json → config.mcpServers.paseo.url
pi-config	subagent-types	subagent-types/door-tool.ts	104	dotpi-path	portable		dot-path anchored at resolved home (see env-HOME row for the anchor quality)	const paseo = (servers as Record<string, unknown>).paseo;
pi-config	subagent-types	subagent-types/index.ts	11	dotpi-path	portable		dot-path anchored at resolved home (see env-HOME row for the anchor quality)	*     ~/.paseo/agents/<ws>/<id>.json runtimeInfo.sessionId → labels["subagent.role"].
pi-config	subagent-types	subagent-types/index.ts	112	dotpi-path	portable		dot-path anchored at resolved home (see env-HOME row for the anchor quality)	const PASEO_AGENTS_DIR = join(homedir(), ".paseo", "agents");
pi-config	subagent-types	subagent-types/index.ts	243	dotpi-path	portable		dot-path anchored at resolved home (see env-HOME row for the anchor quality)	* Workspace .pi/settings.json wins over ~/.pi/agent/settings.json.
pi-config	subagent-types	subagent-types/index.ts	531	dotpi-path	portable		dot-path anchored at resolved home (see env-HOME row for the anchor quality)	readSettingsJson(join(process.cwd(), ".pi", "settings.json")),
pi-config	subagent-types	subagent-types/index.ts	532	dotpi-path	portable		dot-path anchored at resolved home (see env-HOME row for the anchor quality)	readSettingsJson(join(homedir(), ".pi", "agent", "settings.json")),
pi-config	subagent-types	subagent-types/index.ts	537	dotpi-path	portable		dot-path anchored at resolved home (see env-HOME row for the anchor quality)	readSettingsJson(join(process.cwd(), ".pi", "settings.json")),
pi-config	subagent-types	subagent-types/index.ts	538	dotpi-path	portable		dot-path anchored at resolved home (see env-HOME row for the anchor quality)	readSettingsJson(join(homedir(), ".pi", "agent", "settings.json")),
pi-config	subagent-types	subagent-types/index.ts	550	dotpi-path	portable		dot-path anchored at resolved home (see env-HOME row for the anchor quality)	readSettingsJson(join(process.cwd(), ".pi", "settings.json")),
pi-config	subagent-types	subagent-types/index.ts	551	dotpi-path	portable		dot-path anchored at resolved home (see env-HOME row for the anchor quality)	readSettingsJson(join(homedir(), ".pi", "agent", "settings.json")),
pi-config	subagent-types	subagent-types/index.ts	553	dotpi-path	portable		dot-path anchored at resolved home (see env-HOME row for the anchor quality)	isPluginEnabled(readSettingsJson(join(homedir(), ".paseo", "config.json"))),
pi-config	subagent-types	subagent-types/index.ts	562	dotpi-path	portable		dot-path anchored at resolved home (see env-HOME row for the anchor quality)	"[subagent-types] no paseo daemon found (~/.paseo/config.json absent, no PASEO_* env) - spawn tools NOT registered (standalone-clean #187); start paseo to enabl
pi-config	subagent-types	subagent-types/paseo-channel.ts	54	dotpi-path	portable		dot-path anchored at resolved home (see env-HOME row for the anchor quality)	const server = d?.mcpServers?.paseo;
pi-config	subagent-types	subagent-types/paseo-channel.ts	258	dotpi-path	portable		dot-path anchored at resolved home (see env-HOME row for the anchor quality)	return join(base ?? join(homedir(), ".pi", "agent"), "subagent-channel");
pi-config	subagent-types	subagent-types/paseo-spawn.ts	39	dotpi-path	portable		dot-path anchored at resolved home (see env-HOME row for the anchor quality)	const server = d?.mcpServers?.paseo;
pi-config	subagent-types	subagent-types/safe-bash-rules.ts	200	dotpi-path	portable		dot-path anchored at resolved home (see env-HOME row for the anchor quality)	if (n === `${home}/.pi/agent/settings.json`) return true;
pi-config	subagent-types	subagent-types/safe-bash.ts	13	dotpi-path	portable		dot-path anchored at resolved home (see env-HOME row for the anchor quality)	* OR deny, lands in ~/.pi/agent/safe-bash-shadow.jsonl so blocked-command
pi-config	subagent-types	subagent-types/safe-bash.ts	48	dotpi-path	portable		dot-path anchored at resolved home (see env-HOME row for the anchor quality)	const ws = readSettingsJson(join(cwd, ".pi", "settings.json"));
pi-config	subagent-types	subagent-types/safe-bash.ts	49	dotpi-path	portable		dot-path anchored at resolved home (see env-HOME row for the anchor quality)	const user = readSettingsJson(join(os.homedir(), ".pi", "agent", "settings.json"));
pi-config	subagent-types	subagent-types/safe-bash.ts	106	dotpi-path	portable		dot-path anchored at resolved home (see env-HOME row for the anchor quality)	const shadowPath = opts.shadowLogPath ?? join(os.homedir(), ".pi", "agent", "safe-bash-shadow.jsonl");
pi-config	subagent-types	subagent-types/spawner-mode.ts	10	dotpi-path	portable		dot-path anchored at resolved home (see env-HOME row for the anchor quality)	* auto (default) = plugin when ~/.paseo/config.json enables paseo-subagents.
pi-config	subagent-types	subagent-types/spawner-mode.ts	35	dotpi-path	portable		dot-path anchored at resolved home (see env-HOME row for the anchor quality)	/** Read daemon config (~/.paseo/config.json) — fail-open: invalid config treats
pi-config	subagent-types	subagent-types/spawner-mode.ts	53	dotpi-path	portable		dot-path anchored at resolved home (see env-HOME row for the anchor quality)	* sign of a paseo daemon on this machine — ~/.paseo/config.json exists or any
pi-config	subagent-types	subagent-types/spawner-mode.ts	59	dotpi-path	portable		dot-path anchored at resolved home (see env-HOME row for the anchor quality)	if (existsSync(join(home, ".paseo", "config.json"))) return true;
pi-config	subagent-types	subagent-types/tests/safe-bash-rules.test.ts	83	dotpi-path	portable		dot-path anchored at resolved home (see env-HOME row for the anchor quality)	expect(ruleOf("echo {} > /home/tester/.pi/agent/settings.json")).toBe("write-protected-path");
pi-config	subagent-types	subagent-types/tests/spawner-mode.test.ts	48	dotpi-path	portable		dot-path anchored at resolved home (see env-HOME row for the anchor quality)	test("#187 paseoPresent: true when ~/.paseo/config.json exists", () => {
pi-config	subagent-types	subagent-types/tests/spawner-mode.test.ts	51	dotpi-path	portable		dot-path anchored at resolved home (see env-HOME row for the anchor quality)	mkdirSync(join(home, ".paseo"), { recursive: true });
pi-config	subagent-types	subagent-types/tests/spawner-mode.test.ts	52	dotpi-path	portable		dot-path anchored at resolved home (see env-HOME row for the anchor quality)	writeFileSync(join(home, ".paseo", "config.json"), "{}");
pi-config	subagent-types	subagent-types/safe-bash-rules.ts	181	env-HOME	adapt	win	reads $HOME directly (unset on Windows)	return opts.home ?? process.env.HOME ?? "/home/user";
pi-config	subagent-types	subagent-types/channel.test.ts	37	fwdslash-build	portable		forward slash inside a URL — correct on every OS	const ep = { url: `http://localhost:${server.port}/mcp`, token: "t" } as never;
pi-config	subagent-types	subagent-types/door-tool.test.ts	39	fwdslash-build	adapt	win	template-literal path joined with '/' separator	Bun.spawnSync(["mkdir", "-p", `${dir}/ws-a`, `${dir}/ws-b`]);
pi-config	subagent-types	subagent-types/door-tool.test.ts	40	fwdslash-build	portable		forward slash inside a URL — correct on every OS	Bun.write(`${dir}/ws-a/other.json`, JSON.stringify(rec("http://127.0.0.1:1/mcp/agents")));
pi-config	subagent-types	subagent-types/door-tool.test.ts	41	fwdslash-build	adapt	win	template-literal path joined with '/' separator	Bun.write(`${dir}/ws-b/agent-1.json`, JSON.stringify(rec(doorUrl)));
pi-config	subagent-types	subagent-types/door-tool.test.ts	48	fwdslash-build	adapt	win	template-literal path joined with '/' separator	Bun.spawnSync(["mkdir", "-p", `${dir}/ws`]);
pi-config	subagent-types	subagent-types/door-tool.test.ts	49	fwdslash-build	portable		forward slash inside a URL — correct on every OS	Bun.write(`${dir}/ws/main-agent.json`, JSON.stringify(rec("http://127.0.0.1:6767/mcp/agents")));
pi-config	subagent-types	subagent-types/safe-bash-rules.ts	157	fwdslash-build	adapt	win	template-literal path joined with '/' separator	if (basename(n) === "config.json") return n.startsWith(`${home}/.docker/`); // only the docker auth one
pi-config	subagent-types	subagent-types/safe-bash-rules.ts	200	fwdslash-build	adapt	win	template-literal path joined with '/' separator	if (n === `${home}/.pi/agent/settings.json`) return true;
pi-config	subagent-types	subagent-types/tests/safe-bash-rules.test.ts	92	fwdslash-build	adapt	win	template-literal path joined with '/' separator	expect(checkBash(`echo x > ${CWD}/notes.md`, opts)).toBeNull();
pi-config	subagent-types	subagent-types/safe-bash-rules.ts	53	homedir-api	portable		os.homedir()-anchored — adapts to any user	/** Home dir override for tests; defaults to os.homedir(). */
pi-config	subagent-types	subagent-types/safe-bash.ts	49	homedir-api	portable		os.homedir()-anchored — adapts to any user	const user = readSettingsJson(join(os.homedir(), ".pi", "agent", "settings.json"));
pi-config	subagent-types	subagent-types/safe-bash.ts	106	homedir-api	portable		os.homedir()-anchored — adapts to any user	const shadowPath = opts.shadowLogPath ?? join(os.homedir(), ".pi", "agent", "safe-bash-shadow.jsonl");
pi-config	subagent-types	subagent-types/index.ts	1781	signals	adapt	win	POSIX signals — Windows emulates partially (TerminationProcess, no SIGKILL/SIGUSR)	// tight loop) for the whole 45m window — timers, SIGTERM and network
pi-config	subagent-types	subagent-types/door-tool.ts	13	tilde-literal	note		tilde in display/log/test string only, never passed to fs	*   ~/.paseo/agents/<ws>/<agentId>.json → config.mcpServers.paseo.url
pi-config	subagent-types	subagent-types/index.ts	11	tilde-literal	note		tilde in display/log/test string only, never passed to fs	*     ~/.paseo/agents/<ws>/<id>.json runtimeInfo.sessionId → labels["subagent.role"].
pi-config	subagent-types	subagent-types/index.ts	243	tilde-literal	note		tilde in display/log/test string only, never passed to fs	* Workspace .pi/settings.json wins over ~/.pi/agent/settings.json.
pi-config	subagent-types	subagent-types/index.ts	562	tilde-literal	note		tilde in display/log/test string only, never passed to fs	"[subagent-types] no paseo daemon found (~/.paseo/config.json absent, no PASEO_* env) - spawn tools NOT registered (standalone-clean #187); start paseo to enabl
pi-config	subagent-types	subagent-types/safe-bash-rules.ts	186	tilde-literal	portable		guard performs its own tilde->home expansion (portable)	if (s.startsWith("~")) s = home + s.slice(1);
pi-config	subagent-types	subagent-types/safe-bash-rules.ts	351	tilde-literal	note		tilde in display/log/test string only, never passed to fs	const rooty = rest.some((p) => ROOTY.test(p) || p === "/" || p === "~" || p === "$HOME");
pi-config	subagent-types	subagent-types/safe-bash.ts	13	tilde-literal	note		tilde in display/log/test string only, never passed to fs	* OR deny, lands in ~/.pi/agent/safe-bash-shadow.jsonl so blocked-command
pi-config	subagent-types	subagent-types/spawner-mode.ts	10	tilde-literal	note		tilde in display/log/test string only, never passed to fs	* auto (default) = plugin when ~/.paseo/config.json enables paseo-subagents.
pi-config	subagent-types	subagent-types/spawner-mode.ts	35	tilde-literal	note		tilde in display/log/test string only, never passed to fs	/** Read daemon config (~/.paseo/config.json) — fail-open: invalid config treats
pi-config	subagent-types	subagent-types/spawner-mode.ts	53	tilde-literal	note		tilde in display/log/test string only, never passed to fs	* sign of a paseo daemon on this machine — ~/.paseo/config.json exists or any
pi-config	subagent-types	subagent-types/tests/spawner-mode.test.ts	48	tilde-literal	note		tilde in display/log/test string only, never passed to fs	test("#187 paseoPresent: true when ~/.paseo/config.json exists", () => {
pi-config	task	task/index.ts	19	child-spawn	portable-caveat	win	child_process spawn — argv[0] resolution OS-dependent	import { spawn } from "node:child_process";
pi-config	task	task/index.ts	175	child-spawn	portable-caveat	win	entry-point trick (execPath + real entry .mjs); PATH-'pi' fallback hits .cmd problem on Win	const proc = spawn(pi.command, argv, {
pi-config	task	task/index.test.ts	443	dotpi-path	portable		dot-path anchored at resolved home (see env-HOME row for the anchor quality)	test("taskStatusPath lands under ~/.pi/agent/task-status/<sessionId>.json", () => {
pi-config	task	task/index.test.ts	445	dotpi-path	portable		dot-path anchored at resolved home (see env-HOME row for the anchor quality)	assert.ok(p.endsWith([".pi", "agent", "task-status", "abc123.json"].join("/")), `bad path: ${p}`);
pi-config	task	task/index.test.ts	484	dotpi-path	portable		dot-path anchored at resolved home (see env-HOME row for the anchor quality)	const file = join(tmp, ".pi", "agent", "task-status", "wire-test-session.json");
pi-config	task	task/index.test.ts	537	dotpi-path	portable		dot-path anchored at resolved home (see env-HOME row for the anchor quality)	const file = join(tmp, ".pi", "agent", "task-status", "flush-session.json");
pi-config	task	task/index.ts	70	dotpi-path	portable		dot-path anchored at resolved home (see env-HOME row for the anchor quality)	// settings taskJudgeModel (workspace .pi/settings.json > ~/.pi/agent).
pi-config	task	task/index.ts	75	dotpi-path	portable		dot-path anchored at resolved home (see env-HOME row for the anchor quality)	const candidates = [`${cwd}/.pi/settings.json`, `${process.env.HOME || ""}/.pi/agent/settings.json`];
pi-config	task	task/index.ts	153	dotpi-path	portable		dot-path anchored at resolved home (see env-HOME row for the anchor quality)	const agentHome = `${homedir()}/.pi/agent`;
pi-config	task	task/index.ts	411	dotpi-path	portable		dot-path anchored at resolved home (see env-HOME row for the anchor quality)	/** Read-only file projection (~/.pi/agent/task-status/<sessionId>.json):
pi-config	task	task/index.ts	967	dotpi-path	portable		dot-path anchored at resolved home (see env-HOME row for the anchor quality)	? `\nPARKED (stopped, awaiting the user): ${result.task!.appealReason ?? "—"} — only the USER can reopen: the "reopen (user)" button on the task panel (writes f
pi-config	task	task/src/control.ts	43	dotpi-path	portable		dot-path anchored at resolved home (see env-HOME row for the anchor quality)	return join(home, ".pi", "agent", "task-control");
pi-config	task	task/src/goal-bridge.test.ts	10	dotpi-path	portable		dot-path anchored at resolved home (see env-HOME row for the anchor quality)	const dir = join(HOME, ".pi", "agent", "goal-state");
pi-config	task	task/src/goal-bridge.test.ts	40	dotpi-path	portable		dot-path anchored at resolved home (see env-HOME row for the anchor quality)	const raw = JSON.parse(readFileSync(join(HOME, ".pi/agent/goal-state", `${SID}.json`), "utf8"));
pi-config	task	task/src/goal-bridge.test.ts	62	dotpi-path	portable		dot-path anchored at resolved home (see env-HOME row for the anchor quality)	const dir = join(HOME, ".pi", "agent", "plan-control");
pi-config	task	task/src/goal-bridge.ts	25	dotpi-path	portable		dot-path anchored at resolved home (see env-HOME row for the anchor quality)	return join(home(), ".pi", "agent", "goal-state", `${sessionId}.json`);
pi-config	task	task/src/goal-bridge.ts	65	dotpi-path	portable		dot-path anchored at resolved home (see env-HOME row for the anchor quality)	for (const f of readdirSync(join(home(), ".pi", "agent", "goal-state"))) {
pi-config	task	task/src/goal-bridge.ts	84	dotpi-path	portable		dot-path anchored at resolved home (see env-HOME row for the anchor quality)	for (const f of readdirSync(join(home(), ".pi", "agent", "goal-state"))) {
pi-config	task	task/src/goal-bridge.ts	101	dotpi-path	portable		dot-path anchored at resolved home (see env-HOME row for the anchor quality)	const raw = JSON.parse(readFileSync(join(home(), ".pi", "agent", "plan-control", `${sessionId}.status.json`), "utf8")) as Record<string, unknown>;
pi-config	task	task/src/judge-session.test.ts	9	dotpi-path	portable		dot-path anchored at resolved home (see env-HOME row for the anchor quality)	const p = judgeSessionPath("/home/x/.pi/agent/sessions");
pi-config	task	task/src/plan-bridge.ts	4	dotpi-path	portable		dot-path anchored at resolved home (see env-HOME row for the anchor quality)	* bridge request into ~/.pi/agent/plan-bridge/<sessionId>.json when the user
pi-config	task	task/src/plan-bridge.ts	44	dotpi-path	portable		dot-path anchored at resolved home (see env-HOME row for the anchor quality)	return join(home(), ".pi", "agent", "plan-bridge", `${sessionId}.json`);
pi-config	task	task/src/status-file-doorbell.test.ts	11	dotpi-path	portable		dot-path anchored at resolved home (see env-HOME row for the anchor quality)	const bridges = join(home, ".paseo", "plugin-data", "bridges");
pi-config	task	task/src/status-file.ts	8	dotpi-path	portable		dot-path anchored at resolved home (see env-HOME row for the anchor quality)	* ~/.pi/agent/task-status/<sessionId>.json; written after every commit and
pi-config	task	task/src/status-file.ts	61	dotpi-path	portable		dot-path anchored at resolved home (see env-HOME row for the anchor quality)	return path.join(home, ".pi", "agent", "task-status", `${sessionId}.json`);
pi-config	task	task/index.test.ts	476	env-HOME	note		test-only HOME manipulation	const prevHome = process.env.HOME;
pi-config	task	task/index.test.ts	477	env-HOME	note		test-only HOME manipulation	process.env.HOME = tmp;
pi-config	task	task/index.test.ts	502	env-HOME	note		test-only HOME manipulation	if (prevHome !== undefined) process.env.HOME = prevHome;
pi-config	task	task/index.test.ts	508	env-HOME	note		test-only HOME manipulation	const prevHome = process.env.HOME;
pi-config	task	task/index.test.ts	509	env-HOME	note		test-only HOME manipulation	process.env.HOME = "/proc/definitely-not-writable";
pi-config	task	task/index.test.ts	519	env-HOME	note		test-only HOME manipulation	if (prevHome !== undefined) process.env.HOME = prevHome;
pi-config	task	task/index.test.ts	527	env-HOME	note		test-only HOME manipulation	const prevHome = process.env.HOME;
pi-config	task	task/index.test.ts	528	env-HOME	note		test-only HOME manipulation	process.env.HOME = tmp;
pi-config	task	task/index.test.ts	541	env-HOME	note		test-only HOME manipulation	if (prevHome !== undefined) process.env.HOME = prevHome;
pi-config	task	task/index.ts	75	env-HOME	adapt	win	HOME unset on Windows -> empty-string home -> cwd-relative paths	const candidates = [`${cwd}/.pi/settings.json`, `${process.env.HOME || ""}/.pi/agent/settings.json`];
pi-config	task	task/src/control.ts	42	env-HOME	portable		HOME with os.homedir() fallback	const home = process.env.HOME || homedir();
pi-config	task	task/src/goal-bridge.test.ts	19	env-HOME	note		test-only HOME manipulation	beforeAll(() => { process.env.HOME = HOME; });
pi-config	task	task/src/goal-bridge.ts	21	env-HOME	portable		HOME with os.homedir() fallback	return process.env.HOME ?? homedir();
pi-config	task	task/src/plan-bridge.ts	40	env-HOME	portable		HOME with os.homedir() fallback	return process.env.HOME ?? homedir();
pi-config	task	task/src/status-file-doorbell.test.ts	21	env-HOME	note		test-only HOME manipulation	const prevHome = process.env.HOME;
pi-config	task	task/src/status-file-doorbell.test.ts	22	env-HOME	note		test-only HOME manipulation	process.env.HOME = home; // pokeBridges resolves bridgesDir from HOME at call time
pi-config	task	task/src/status-file-doorbell.test.ts	36	env-HOME	note		test-only HOME manipulation	process.env.HOME = prevHome;
pi-config	task	task/src/status-file.ts	60	env-HOME	portable		HOME with os.homedir() fallback	const home = process.env.HOME || homedir();
pi-config	task	task/index.ts	75	fwdslash-build	adapt	win	template-literal path joined with '/' separator	const candidates = [`${cwd}/.pi/settings.json`, `${process.env.HOME || ""}/.pi/agent/settings.json`];
pi-config	task	task/index.ts	132	fwdslash-build	adapt	win	template-literal path joined with '/' separator	appendFileSync(`${agentHome}/judge-sessions.jsonl`, JSON.stringify(entry) + "\n");
pi-config	task	task/index.ts	153	fwdslash-build	adapt	win	template-literal path joined with '/' separator	const agentHome = `${homedir()}/.pi/agent`;
pi-config	task	task/index.ts	154	fwdslash-build	adapt	win	template-literal path joined with '/' separator	const sessionPath = judgeSessionPath(`${agentHome}/sessions`);
pi-config	task	task/src/status-file.ts	58	homedir-api	portable		os.homedir()-anchored — adapts to any user	// bun caches os.homedir() after first call, so prefer $HOME explicitly
pi-config	task	task/index.test.ts	509	procfs	note		/proc/ literal in tests (unwritable-dir simulation) only	process.env.HOME = "/proc/definitely-not-writable";
pi-config	task	task/src/judge-session.test.ts	39	procfs	note		/proc/ literal in tests (unwritable-dir simulation) only	expect(() => appendJudgeRegistry("/proc/definitely-not-here", { ts: "t", cwd: "c", path: "p" })).not.toThrow();
pi-config	task	task/index.ts	185	signals	adapt	win	POSIX signals — Windows emulates partially (TerminationProcess, no SIGKILL/SIGUSR)	proc.kill("SIGKILL");
pi-config	task	task/src/judge.test.ts	72	signals	adapt	win	POSIX-only recipe (setsid/nohup) taught by bash-long-run-guard	mk("setsid nohup bash -c 'bun test...' > /tmp/blk-v1475-gate.log ... & echo bg:$!", "bg:701792", T1),
pi-config	task	task/index.test.ts	443	tilde-literal	note		tilde in display/log/test string only, never passed to fs	test("taskStatusPath lands under ~/.pi/agent/task-status/<sessionId>.json", () => {
pi-config	task	task/index.ts	70	tilde-literal	note		tilde in display/log/test string only, never passed to fs	// settings taskJudgeModel (workspace .pi/settings.json > ~/.pi/agent).
pi-config	task	task/index.ts	411	tilde-literal	note		tilde in display/log/test string only, never passed to fs	/** Read-only file projection (~/.pi/agent/task-status/<sessionId>.json):
pi-config	task	task/index.ts	967	tilde-literal	note		tilde in display/log/test string only, never passed to fs	? `\nPARKED (stopped, awaiting the user): ${result.task!.appealReason ?? "—"} — only the USER can reopen: the "reopen (user)" button on the task panel (writes f
pi-config	task	task/src/plan-bridge.ts	4	tilde-literal	note		tilde in display/log/test string only, never passed to fs	* bridge request into ~/.pi/agent/plan-bridge/<sessionId>.json when the user
pi-config	task	task/src/status-file.ts	8	tilde-literal	note		tilde in display/log/test string only, never passed to fs	* ~/.pi/agent/task-status/<sessionId>.json; written after every commit and
pi-config	task	task/src/status-file-doorbell.test.ts	13	unix-socket	adapt	win	AF_UNIX unix-socket (doorbell bridges) — Node/bun Windows AF_UNIX immature	const sockPath = join(bridges, "panel.sock");
pi-config	telemetry	telemetry/heartbeat.ts	6	dotpi-path	portable		dot-path anchored at resolved home (see env-HOME row for the anchor quality)	* file at ~/.pi/agent/telemetry/instances/<pid>.json at lifecycle events; any
pi-config	telemetry	telemetry/index.ts	5	dotpi-path	portable		dot-path anchored at resolved home (see env-HOME row for the anchor quality)	* ~/.pi/agent/telemetry/instances/<pid>.json (atomic tmp+rename). Consumers
pi-config	telemetry	telemetry/index.ts	42	dotpi-path	portable		dot-path anchored at resolved home (see env-HOME row for the anchor quality)	return process.env.PI_TELEMETRY_DIR ?? join(process.env.HOME ?? "", ".pi", "agent", "telemetry", "instances");
pi-config	telemetry	telemetry/index.ts	42	env-HOME	adapt	win	HOME unset on Windows -> empty-string home -> cwd-relative paths	return process.env.PI_TELEMETRY_DIR ?? join(process.env.HOME ?? "", ".pi", "agent", "telemetry", "instances");
pi-config	telemetry	telemetry/heartbeat.ts	97	signals	adapt	win	POSIX signals — Windows emulates partially (TerminationProcess, no SIGKILL/SIGUSR)	process.kill(pid, 0);
pi-config	telemetry	telemetry/heartbeat.ts	6	tilde-literal	note		tilde in display/log/test string only, never passed to fs	* file at ~/.pi/agent/telemetry/instances/<pid>.json at lifecycle events; any
pi-config	telemetry	telemetry/index.ts	5	tilde-literal	note		tilde in display/log/test string only, never passed to fs	* ~/.pi/agent/telemetry/instances/<pid>.json (atomic tmp+rename). Consumers
pi-config	visual-tools	visual-tools/tools/_common.ts	11	child-spawn	portable-caveat	win	child_process spawn — argv[0] resolution OS-dependent	import { spawn } from "node:child_process"
pi-config	visual-tools	visual-tools/tools/_common.ts	108	child-spawn	portable-caveat	win	child_process spawn — argv[0] resolution OS-dependent	const child = spawn(cmd, args, {
pi-config	visual-tools	visual-tools/tools/_common.ts	74	dotpi-path	portable		dot-path anchored at resolved home (see env-HOME row for the anchor quality)	* Workspace-scoped shared libraries (.pi/lib/root) extracted from Debian
pi-config	visual-tools	visual-tools/tools/_common.ts	39	env-HOME	adapt	win	reads $HOME directly (unset on Windows)	const home = process.env.HOME ?? "/home/coder"
pi-config	visual-tools	visual-tools/tools/_common.ts	39	hardcoded-home	adapt	win	fallback chain ends in literal /home/coder (fine wherever HOME set; wrong on Windows/new users)	const home = process.env.HOME ?? "/home/coder"
pi-config	visual-tools	visual-tools/tools/_common.ts	123	signals	adapt	win	POSIX signals — Windows emulates partially (TerminationProcess, no SIGKILL/SIGUSR)	child.kill("SIGKILL")
pi-config	zombie-watchdog	zombie-watchdog/daemon.ts	36	dotpi-path	portable		dot-path anchored at resolved home (see env-HOME row for the anchor quality)	const server = d?.mcpServers?.paseo;
pi-config	zombie-watchdog	zombie-watchdog/index.ts	31	dotpi-path	portable		dot-path anchored at resolved home (see env-HOME row for the anchor quality)	const LOG_PATH = join(homedir(), ".pi", "agent", "zombie-watchdog.jsonl");
pi-config	zombie-watchdog	zombie-watchdog/index.ts	32	dotpi-path	portable		dot-path anchored at resolved home (see env-HOME row for the anchor quality)	const LEDGER_DIR = join(homedir(), ".pi", "agent", "zombie-watchdog.runs");
pi-config	zombie-watchdog	zombie-watchdog/zombie-watchdog.test.ts	119	dotpi-path	portable		dot-path anchored at resolved home (see env-HOME row for the anchor quality)	// isolate from the REAL ~/.pi/agent/zombie-watchdog.runs: a dead process's
pi-config	zombie-watchdog	zombie-watchdog/zombie-watchdog.test.ts	119	tilde-literal	note		tilde in display/log/test string only, never passed to fs	// isolate from the REAL ~/.pi/agent/zombie-watchdog.runs: a dead process's
